,hotel_id_in_our_database,hotel_name,hotel_location,hotel_star,hotel_property_highlights,hotel_location_rating,hotel_location_level,hotel_nearby_place_distance,hotel_popular_place_distance
0,0,Novotel Bangkok Sukhumvit 4,"27 Sukhumvit 4 Klongtoey, Sukhumvit, Bangkok, Thailand, 10110",4.0,280 meters to public transportation &&Airport transfer &&Located in heart of Bangkok &&Free Wi-Fi in all rooms!&&,8.0,Excellent,"['Nana Fashions && 60 m', 'R and R Apparel International && 110 m', 'Sin Bar && 160 m', ""Nickermann's Tailors && 190 m"", ""Raja's Fashions && 190 m"", 'Embassy of Sweden && 240 m', 'Rajawongse Clothier && 280 m', 'Paul Bespoke && 280 m', 'Nana BTS Station && 280 m', 'Nana District && 290 m']","['Terminal 21 Shopping Mall && 820 m', 'Central World && 1.65 km', 'Jim Thompson && 2.88 km', 'Yaowarat Road && 4.69 km', 'Wat Saket && 5.26 km', 'Khao San Road && 6.33 km', 'Wat Pho Temple && 6.56 km', 'Asiatique - The Riverfront && 6.65 km', 'Wat Phra Kaew && 6.7 km', 'Grand Palace && 6.76 km']"
1,1,Solitaire Bangkok Sukhumvit 11,"75/23 Soi Sukhumvit 13 Sukhumvit Road, Klongtoey-Nua, Wattana, Sukhumvit, Bangkok, Thailand, 10110",4.5,570 meters to public transportation &&Airport transfer &&Located in heart of Bangkok &&Free Wi-Fi in all rooms!&&,8.0,Excellent,"['Twisted Republic && 160 m', 'Ambassador Hotel Fitness Centre && 250 m', 'Cheap Charlie’s && 300 m', 'Wattana Wittaya\xa0Academy && 330 m', 'Best Tailor && 350 m', 'Buathip Thai Massage && 390 m', 'Nest Rooftop Bar && 390 m', 'Patrick&Co && 420 m', 'Embassy of Syria && 430 m', ""Nick's International Boutique House && 450 m""]","['Terminal 21 Shopping Mall && 910 m', 'Central World && 1.97 km', 'Jim Thompson && 3.18 km', 'Yaowarat Road && 5.2 km', 'Wat Saket && 5.58 km', 'Khao San Road && 6.61 km', 'Wat Pho Temple && 7 km', 'Wat Phra Kaew && 7.1 km', 'Grand Palace && 7.15 km', 'Asiatique - The Riverfront && 7.43 km']"
2,2,Nasa Vegas Hotel,"44 Sukhumvit 71-Ramkhamhaeng Road, Suanluang (Airport Link - Ramkhamhaeng Station), Ratchadaphisek, Bangkok, Thailand, 10250",3.0,170 meters to public transportation &&Free Wi-Fi in all rooms!&&Mini bar&&Daily housekeeping&&,7.8,Very good,"['Airport Rail Link Ramkhamhaeng Station && 170 m', 'Klong Tan Pier && 410 m', 'Dr Panya Hospital && 610 m', 'Khlongtun Hospital && 810 m', 'Central Plaza Grand Rama 9 && 1.02 km', 'Seri Market && 1.09 km', 'Embassy of Bangladesh && 1.21 km', 'Rama XI Marsh && 1.29 km', 'Chan Issara Pier && 1.45 km', 'Phanphirom Park && 1.46 km']","['Terminal 21 Shopping Mall && 4.52 km', 'Central World && 6.77 km', 'Jim Thompson && 7.97 km', 'Yaowarat Road && 9.96 km', 'Wat Saket && 10.36 km', 'Khao San Road && 11.37 km', 'Asiatique - The Riverfront && 11.49 km', 'Wat Pho Temple && 11.79 km', 'Wat Phra Kaew && 11.9 km', 'Grand Palace && 11.94 km']"
3,3,Narra hotel,"Soi Chang Watthana 13, Don Mueang International Airport, Bangkok, Thailand, 10210",3.5,Free Wi-Fi in all rooms!&&Daily housekeeping&&Elevator&&Air conditioning&&,8.4,Excellent,"['Government Complex && 640 m', 'Ámantee && 710 m', 'Parso Driving range && 1.92 km', 'Thailand Post && 2.18 km', 'TOT Public Company Limited && 2.18 km', 'Asian Pacific Postal Union Bureau (APPU) && 2.18 km', 'Department of Consular Affairs && 2.18 km', 'Administrative Court && 2.18 km', 'Immigration 1 Division && 2.18 km', 'IT Square && 2.28 km']","['Jim Thompson && 16.28 km', 'Khao San Road && 16.37 km', 'Central World && 16.42 km', 'Wat Saket && 16.48 km', 'Terminal 21 Shopping Mall && 17.16 km', 'Grand Palace && 17.48 km', 'Wat Phra Kaew && 17.52 km', 'Yaowarat Road && 17.76 km', 'Wat Pho Temple && 17.83 km', 'Asiatique - The Riverfront && 21.84 km']"
4,4,The Berkeley Hotel Pratunam,"559 Ratchathewi, Pratunam, Bangkok, Thailand, 10400",5.0,490 meters to public transportation &&Located in heart of Bangkok &&Free Wi-Fi in all rooms!&&Blackout curtains&&,8.7,Excellent,"['Pratunum Market && 50 m', 'Palladium Square Shopping Mall && 70 m', 'Trimurti Shrine && 140 m', 'Pratunam Pier && 140 m', 'Papaya Furniture && 150 m', ""Paul's Fashion && 170 m"", 'Royal Asia Boutique && 170 m', 'Pratunam Center && 190 m', 'Platinum Fashion Mall && 210 m', 'Newman Exclusive Tailor && 230 m']","['Central World && 580 m', 'Jim Thompson && 1.48 km', 'Terminal 21 Shopping Mall && 2.45 km', 'Yaowarat Road && 3.66 km', 'Wat Saket && 3.84 km', 'Khao San Road && 4.86 km', 'Wat Pho Temple && 5.34 km', 'Wat Phra Kaew && 5.41 km', 'Grand Palace && 5.45 km', 'Asiatique - The Riverfront && 6.64 km']"
5,5,Grande Centre Point Hotel Ratchadamri,"153/2 Soi Mahatlekluang 1, Ratchadamri Road, Lumpini, Pathumwan, Siam, Bangkok, Thailand, 10330",5.0,260 meters to public transportation &&Airport transfer &&Free Wi-Fi in all rooms!&&Sauna&&,8.9,Excellent,"['Peninsula Tailors Bangkok && 40 m', 'Peninsula Plaza && 50 m', 'Royal Maneeya Tower && 140 m', 'Amarin Tower && 150 m', 'RJ Uomo && 230 m', 'Absolute Yoga && 250 m', 'Ratchadamri BTS Station && 260 m', 'Ratchaprasong Intersection Shrines && 260 m', 'Diora Bangkok Langsuan Spa && 270 m', 'Amarin Plaza && 270 m']","['Central World && 470 m', 'Jim Thompson && 1.58 km', 'Terminal 21 Shopping Mall && 2.17 km', 'Yaowarat Road && 3.37 km', 'Wat Saket && 3.93 km', 'Khao San Road && 5 km', 'Wat Pho Temple && 5.22 km', 'Wat Phra Kaew && 5.36 km', 'Grand Palace && 5.41 km', 'Asiatique - The Riverfront && 5.85 km']"
6,6,Great Residence Suvarnabhumi Hotel,"1892/1-3 Lat Krabang District, Lat Krabang, Suvarnabhumi Airport, Bangkok, Thailand, 10520",3.0,Airport transfer &&Free Wi-Fi in all rooms!&&Balcony/terrace&&Mini bar&&,7.9,Very good,"['Lat Krabang Hospital && 1.1 km', 'Wat Plooksattha && 1.36 km', 'Jarakaenoi Police station && 1.64 km', 'Lady of Loundes Catholic Church && 2.12 km', 'Wat Polmanee && 2.48 km', 'Wat Latkrabang && 2.71 km', 'Krua Rabieng Nam Restaurant && 2.81 km', 'Suvarnabhumi Bangkok College && 2.94 km', 'Ladkrabang Railway Station && 3.22 km', 'Airport Rail Link Ladkrabang && 3.22 km']","['Terminal 21 Shopping Mall && 23.41 km', 'Central World && 25.79 km', 'Jim Thompson && 27.01 km', 'Yaowarat Road && 28.9 km', 'Wat Saket && 29.4 km', 'Asiatique - The Riverfront && 29.49 km', 'Khao San Road && 30.42 km', 'Wat Pho Temple && 30.79 km', 'Wat Phra Kaew && 30.92 km', 'Grand Palace && 30.97 km']"
7,7,Baan Mek Mok,"306 Soi Pongvetanusorn 2 Sukhumvit 64, Bangchak, Phra Khanong, Bangkok, 10260, THA, Baan Mek Mok, Sukhumvit, Bangkok, Thailand, 10260",3.0,500 meters to public transportation &&Free Wi-Fi in all rooms!&&Blackout curtains&&Balcony/terrace&&,6.7,Good,"['Punnawithi BTS Station && 500 m', 'Bangchak BTS Station && 650 m', 'Siam Paradise Night Bazar && 850 m', '101 The Third Place && 850 m', 'The Orthodox St.Nicolas Church && 1 km', 'Asia Herb Association - Phrom Phong Shop && 1.03 km', 'Tokai Surgery Clinic && 1.09 km', 'On Nut Market && 1.17 km', 'Udom Suk BTS Station && 1.22 km', 'Dhammamongkol Temple && 1.37 km']","['Terminal 21 Shopping Mall && 7.11 km', 'Central World && 9.4 km', 'Jim Thompson && 10.54 km', 'Asiatique - The Riverfront && 11.05 km', 'Yaowarat Road && 11.7 km', 'Wat Saket && 12.74 km', 'Wat Pho Temple && 13.62 km', 'Khao San Road && 13.83 km', 'Wat Phra Kaew && 13.88 km', 'Grand Palace && 13.94 km']"
8,8,The Bedroom Ladprao 101,"99 Soi Ladprao 101 Ladprao Road Klongchan, Bangkapi Bangkok, Bang Kapi, Bangkok, Thailand, 10240",4.0,Airport transfer &&Free Wi-Fi in all rooms!&&Breakfast [free]&&Balcony/terrace&&,6.9,Good,"['Foodland Lard Prao && 1.27 km', 'Vejthani Hospital && 1.8 km', 'Imperial World Lard Prao && 2.03 km', 'Dr Somchai Clinic && 2.46 km', 'Crystal Design Center && 2.5 km', 'Tawanna Plaza && 2.51 km', 'N Mark Plaza && 2.52 km', 'Major Cineplex Bangkapi && 2.53 km', 'Raan Bai Mai && 2.58 km', 'Nawamin Phirom Park && 2.63 km']","['Terminal 21 Shopping Mall && 9.44 km', 'Central World && 10.95 km', 'Jim Thompson && 11.89 km', 'Wat Saket && 13.96 km', 'Yaowarat Road && 14.12 km', 'Khao San Road && 14.75 km', 'Wat Phra Kaew && 15.6 km', 'Grand Palace && 15.63 km', 'Wat Pho Temple && 15.63 km', 'Asiatique - The Riverfront && 16.63 km']"
9,9,Aspira Grand Regency Sukhumvit 22,"12/3, Soi Sukhumvit 22, Sukhumvit, Bangkok, Thailand, 10110",4.0,520 meters to public transportation &&Located in heart of Bangkok &&Free Wi-Fi in all rooms!&&Mini bar&&,7.7,Very good,"['Gallery F-Stop && 140 m', 'Mambo Cabaret && 140 m', ""Stylo's Collection && 170 m"", 'Damanino Bespoke && 180 m', 'De Fabiano Bespoke Tailors && 190 m', 'Fiorenzo Tailor && 220 m', 'Subhashok The Arts Centre (S.A.C.) && 250 m', 'Jass Fashions && 250 m', 'Villa Market Sukhumvit && 270 m', 'Dptailors && 290 m']","['Terminal 21 Shopping Mall && 780 m', 'Central World && 3.18 km', 'Jim Thompson && 4.39 km', 'Yaowarat Road && 6.05 km', 'Wat Saket && 6.75 km', 'Asiatique - The Riverfront && 7.35 km', 'Khao San Road && 7.83 km', 'Wat Pho Temple && 7.97 km', 'Wat Phra Kaew && 8.14 km', 'Grand Palace && 8.19 km']"
10,10,SC Park Hotel,"474 Praditmanutham Road, Wangthonglang, Ratchadaphisek, Bangkok, Thailand, 10310",4.0,Free Wi-Fi in all rooms!&&Sauna&&Steamroom&&Mini bar&&,7.6,Very good,"['Embassy of Cambodia && 760 m', 'Embassy of Laos && 820 m', 'Ramkhamhaeng 29 Pier && 1.41 km', 'Wat Thepleela Pier && 1.42 km', 'The Mall 3 Pier && 1.53 km', 'Rama XI Marsh && 1.54 km', 'Ramkhamhaeng University Pier && 1.76 km', 'Tadu Contemporary Art && 1.97 km', 'Ramkhamhaeng University && 2 km', 'Central Plaza Grand Rama 9 && 2.13 km']","['Terminal 21 Shopping Mall && 5.72 km', 'Central World && 7.33 km', 'Jim Thompson && 8.36 km', 'Wat Saket && 10.55 km', 'Yaowarat Road && 10.56 km', 'Khao San Road && 11.44 km', 'Wat Pho Temple && 12.17 km', 'Wat Phra Kaew && 12.19 km', 'Grand Palace && 12.22 km', 'Asiatique - The Riverfront && 12.91 km']"
11,12,Montien Riverside Hotel,"372 Rama 3 Road Bangkhlo, Sathorn, Bangkok, Thailand, 10120",4.5,Airport transfer &&Free Wi-Fi in all rooms!&&Sauna&&Steamroom&&,7.3,Very good,"['Ruan Chao Phraya Restaurant && 240 m', 'Baan Klang Nam Restaurant && 620 m', 'Rajburana Pier && 910 m', 'Pariwat Temple && 1.4 km', 'Wat Chanyawat && 1.48 km', 'Asiatique - The Riverfront && 1.76 km', 'Calypso Cabaret && 1.76 km', 'Wat Rajsingkorn Pier && 2.04 km', 'Rama III Bridge && 2.25 km', 'Wat Worachanyawas Pier && 2.29 km']","['Asiatique - The Riverfront && 1.76 km', 'Yaowarat Road && 5.78 km', 'Wat Pho Temple && 6.63 km', 'Wat Phra Kaew && 7.03 km', 'Jim Thompson && 7.1 km', 'Grand Palace && 7.1 km', 'Central World && 7.22 km', 'Wat Saket && 7.26 km', 'Khao San Road && 7.86 km', 'Terminal 21 Shopping Mall && 7.87 km']"
12,13,Dusit Thani Bangkok Hotel,"946 Rama Iv Road , Silom, Bangkok, Thailand, 10500",5.0,290 meters to public transportation &&Airport transfer &&Located in heart of Bangkok &&Free Wi-Fi in all rooms!&&,9.2,Exceptional,"['July Tailor && 150 m', 'King Rama 6 Monument && 170 m', 'Orchid Press && 180 m', 'Vino di Zanotti && 210 m', 'Silom Complex && 210 m', 'Silom Business Area && 240 m', 'Abdulhrahim Building && 240 m', 'U Chu Liang Building && 240 m', 'G.O.D. (Guys on Display) && 250 m', ""O'Reilly's && 270 m""]","['Central World && 1.92 km', 'Jim Thompson && 2.44 km', 'Terminal 21 Shopping Mall && 2.73 km', 'Yaowarat Road && 3.21 km', 'Wat Saket && 4.29 km', 'Asiatique - The Riverfront && 4.54 km', 'Wat Pho Temple && 5.14 km', 'Khao San Road && 5.35 km', 'Wat Phra Kaew && 5.38 km', 'Grand Palace && 5.45 km']"
13,14,Metro Resort Pratunam,"599 Soi Petchaburi 13,
Petchaburi Road, Ratchathevee,, Pratunam, Bangkok, Thailand, 10400",4.0,420 meters to public transportation &&Located in heart of Bangkok &&Free Wi-Fi in all rooms!&&Mini bar&&,8.0,Excellent,"['Krung Thong Plaza && 70 m', 'Express Tailor && 240 m', 'Pantip Plaza IT Mall && 260 m', 'Pantip Plaza && 280 m', 'Grand Diamond Plaza && 390 m', 'Ratchathewi BTS Station && 420 m', 'Phayathai Plaza && 430 m', 'Queen Savang Vadhana Museum && 490 m', 'Embassy of Indonesia && 500 m', 'Airport Rail Link Phayathai Station && 510 m']","['Central World && 810 m', 'Jim Thompson && 830 m', 'Yaowarat Road && 3.07 km', 'Wat Saket && 3.11 km', 'Terminal 21 Shopping Mall && 3.15 km', 'Khao San Road && 4.12 km', 'Wat Pho Temple && 4.65 km', 'Wat Phra Kaew && 4.7 km', 'Grand Palace && 4.74 km', 'Asiatique - The Riverfront && 6.38 km']"
14,15,Coco Hotel,"797 M.9 Soi Bearing66 Sukhumvit 107, Bang Na, Bangkok, Thailand",3.5,Airport transfer &&Free Wi-Fi in all rooms!&&Blackout curtains&&Balcony/terrace&&,7.6,Very good,"['JAS Urban Srinakarin && 1.23 km', ""Lasalle's Avenue && 1.47 km"", 'Sikarin Hospital && 1.75 km', 'Bangkok Patana International School && 1.91 km', 'Thai Nakarin Hospital && 2.48 km', 'Central Plaza Bangna && 2.49 km', 'Twin Lotus Hospital && 2.86 km', 'Wat Sri Iam Temple && 3 km', 'BITEC Bang Na && 3.41 km', 'Berkeley International School && 3.45 km']","['Terminal 21 Shopping Mall && 12.68 km', 'Central World && 14.86 km', 'Asiatique - The Riverfront && 15.23 km', 'Jim Thompson && 15.94 km', 'Yaowarat Road && 16.8 km', 'Wat Saket && 18 km', 'Wat Pho Temple && 18.65 km', 'Wat Phra Kaew && 18.95 km', 'Grand Palace && 19.02 km', 'Khao San Road && 19.06 km']"
15,16,Tongpoon Hotel,"130 Param 6 Soi 8( rongmuang soi 4), Siam, Bangkok, Thailand, 10330",2.0,800 meters to public transportation &&Free Wi-Fi in all rooms!&&Daily housekeeping&&Elevator&&,7.1,Very good,"['First Fashion Gallery Co, ltd && 170 m', 'Thai Square Fashion && 230 m', 'Wat Borommaniwat Ratchaworawiharn && 340 m', 'Tesco Lotus Rama I && 410 m', 'Ad Makers && 430 m', 'Wat Mai Yai Pan && 440 m', 'Makro Charansanitwongse && 440 m', 'Bangkoknoi Metropolitan Waterworks && 440 m', 'Bangkok Navy Base && 440 m', 'Wat Ruaksuttharam && 440 m']","['Jim Thompson && 840 m', 'Yaowarat Road && 1.4 km', 'Wat Saket && 1.75 km', 'Central World && 1.97 km', 'Khao San Road && 2.84 km', 'Wat Pho Temple && 3.06 km', 'Wat Phra Kaew && 3.17 km', 'Grand Palace && 3.22 km', 'Terminal 21 Shopping Mall && 4.37 km', 'Asiatique - The Riverfront && 5.11 km']"
16,17,Bangkok City Suite,"1 Petchburi Road, Ratchathewi, Siam, Bangkok, Thailand, 10400",3.0,Free Wi-Fi in all rooms!&&Daily housekeeping&&Elevator&&Air conditioning&&,7.1,Very good,"['Nang Loeng Market && 340 m', 'Wat Phakhineenad Voravihara && 420 m', 'Wat Borwora Mongkol && 420 m', 'Wat Noinanghong && 420 m', 'Tang Hua Seng && 420 m', 'Wat Karuhabodee && 420 m', 'King Rama 8 Bridge Park && 420 m', 'Eye Ear Nose Throat Hospital && 420 m', 'Pata deparment store && 420 m', 'Major Cineplex Pin Klao && 420 m']","['Jim Thompson && 1.12 km', 'Wat Saket && 1.67 km', 'Yaowarat Road && 2.25 km', 'Central World && 2.25 km', 'Khao San Road && 2.59 km', 'Wat Phra Kaew && 3.32 km', 'Grand Palace && 3.35 km', 'Wat Pho Temple && 3.35 km', 'Terminal 21 Shopping Mall && 4.7 km', 'Asiatique - The Riverfront && 6.23 km']"
17,18,Romance Hotel Bangna,"19 Soi Srinakarin56, Srinakarin Rd., Nongbon, Pravate, Bang Na, Bangkok, Thailand, 10250",3.5,Free Wi-Fi in all rooms!&&Blackout curtains&&Balcony/terrace&&Daily housekeeping&&,7.3,Very good,"['Paradise Park && 860 m', 'Thai Nakarin Hospital && 1 km', 'Central Plaza Bangna && 1.22 km', 'Paradise Park Mall && 1.37 km', 'Twin Lotus Hospital && 1.46 km', 'Haha Mall && 1.63 km', 'Seacon Square && 2.1 km', 'Train Night Market Srinakarin && 2.31 km', 'Miss Violet Vintage Shop && 2.36 km', 'Sikarin Hospital && 2.43 km']","['Terminal 21 Shopping Mall && 11.26 km', 'Central World && 13.66 km', 'Jim Thompson && 14.84 km', 'Asiatique - The Riverfront && 15.41 km', 'Yaowarat Road && 16.11 km', 'Wat Saket && 17.11 km', 'Wat Pho Temple && 18.04 km', 'Khao San Road && 18.19 km', 'Wat Phra Kaew && 18.29 km', 'Grand Palace && 18.36 km']"
18,19,Dynasty Grande Hotel,"21 Soi Sukhumvit 6 (Soi Nana), Sukhumvit Rd., Klongtoey, Sukhumvit, Bangkok, Thailand, 10110",4.0,250 meters to public transportation &&Airport transfer &&Located in heart of Bangkok &&Free Wi-Fi in all rooms!&&,8.7,Excellent,"['Nana Fashions && 30 m', 'R and R Apparel International && 70 m', ""Nickermann's Tailors && 210 m"", 'Sin Bar && 230 m', 'Embassy of Sweden && 230 m', ""Raja's Fashions && 240 m"", 'Nana BTS Station && 250 m', 'La Moda && 250 m', ""Tom's Fashion && 260 m"", 'New Armani && 260 m']","['Terminal 21 Shopping Mall && 740 m', 'Central World && 1.74 km', 'Jim Thompson && 2.97 km', 'Yaowarat Road && 4.76 km', 'Wat Saket && 5.35 km', 'Khao San Road && 6.42 km', 'Wat Pho Temple && 6.64 km', 'Asiatique - The Riverfront && 6.69 km', 'Wat Phra Kaew && 6.78 km', 'Grand Palace && 6.84 km']"
19,20,Studio Sukhumvit 18 by iCheck inn,"106 Sukhumvit 18 Klongtoey, Sukhumvit, Bangkok, Thailand, 10110",2.0,740 meters to public transportation &&Airport transfer &&Located in heart of Bangkok &&Free Wi-Fi in all rooms!&&,7.3,Very good,"['Consulate of Tunisia && 160 m', 'Gallery F-Stop && 170 m', 'Embassy of Spain && 270 m', 'Embassy of Chile && 280 m', 'Dptailors && 310 m', 'Damanino Bespoke && 410 m', 'De Fabiano Bespoke Tailors && 420 m', ""Stylo's Collection && 430 m"", 'Mambo Cabaret && 440 m', 'Adorable Mine Shop && 450 m']","['Terminal 21 Shopping Mall && 800 m', 'Central World && 3.03 km', 'Jim Thompson && 4.23 km', 'Yaowarat Road && 5.82 km', 'Wat Saket && 6.57 km', 'Asiatique - The Riverfront && 7.04 km', 'Khao San Road && 7.65 km', 'Wat Pho Temple && 7.74 km', 'Wat Phra Kaew && 7.92 km', 'Grand Palace && 7.98 km']"
20,21,Amari Don Muang Airport Bangkok Hotel,"333 Moo 10, Chert Wudthakas Road, Srikan, Don Mueang International Airport, Bangkok, Thailand",4.0,Free Wi-Fi in all rooms!&&Mini bar&&Garden&&Room service [24-hour]&&,9.0,Exceptional,"['Don Mueang International Airport && 210 m', 'Wat Don Mueang- Phra Arramluang && 490 m', 'Harrow International School && 2.29 km', 'Tesco Lotus Chaeng Wattana && 3.07 km', 'The Avenue Chaengwattana && 3.07 km', 'Mongkut Wattana Hospital && 3.07 km', 'Wat Lak Si && 3.07 km', 'Big C Chaeng Wattana && 3.08 km', 'IT Square && 3.08 km', 'Central General Hospital && 3.61 km']","['Central World && 20.57 km', 'Jim Thompson && 20.64 km', 'Terminal 21 Shopping Mall && 20.86 km', 'Wat Saket && 21.17 km', 'Khao San Road && 21.19 km', 'Grand Palace && 22.32 km', 'Yaowarat Road && 22.34 km', 'Wat Phra Kaew && 22.35 km', 'Wat Pho Temple && 22.63 km', 'Asiatique - The Riverfront && 26.32 km']"
21,22,A-One Bangkok Hotel,"9 Soonwijai 4, New Petchburi Rd., Ratchadaphisek, Bangkok, Thailand",4.0,Airport transfer &&Free Wi-Fi in all rooms!&&Sauna&&Steamroom&&,7.0,Very good,"['Emporium Armani && 370 m', 'Bangkok Playhouse && 390 m', 'Bangkok Hospital && 440 m', 'Thong Lo Pier && 470 m', 'Chan Issara Pier && 520 m', 'Basheer && 540 m', 'Phanphirom Park && 690 m', 'Baan Don Mosque Pier && 710 m', 'Playground! && 750 m', 'House Rama RCA Cinema && 780 m']","['Terminal 21 Shopping Mall && 3.08 km', 'Central World && 5.17 km', 'Jim Thompson && 6.35 km', 'Yaowarat Road && 8.4 km', 'Wat Saket && 8.72 km', 'Khao San Road && 9.72 km', 'Wat Pho Temple && 10.19 km', 'Asiatique - The Riverfront && 10.24 km', 'Wat Phra Kaew && 10.28 km', 'Grand Palace && 10.33 km']"
22,23,Cubic Bed Pratunam,"8Fl, 21/1 Soi Phethburi 13, Rachthewi, Bangkok, Pratunam, Bangkok, Thailand, 10400",3.0,290 meters to public transportation &&Located in heart of Bangkok &&Free Wi-Fi in all rooms!&&Daily housekeeping&&,7.8,Very good,"['Phayathai Plaza && 180 m', 'Krung Thong Plaza && 190 m', 'Suan Pakkad Palace && 290 m', 'Express Tailor && 290 m', 'Airport Rail Link Phayathai Station && 290 m', 'Wang Suan Phakkat Palace && 320 m', 'Club Culture && 340 m', 'Phaya Thai BTS Station && 390 m', 'Pantip Plaza IT Mall && 420 m', 'Baiyoke II Tower && 440 m']","['Central World && 1.01 km', 'Jim Thompson && 1.02 km', 'Wat Saket && 3.19 km', 'Terminal 21 Shopping Mall && 3.22 km', 'Yaowarat Road && 3.25 km', 'Khao San Road && 4.16 km', 'Wat Pho Temple && 4.77 km', 'Wat Phra Kaew && 4.8 km', 'Grand Palace && 4.84 km', 'Asiatique - The Riverfront && 6.63 km']"
23,24,Vic3 Bangkok,"89 PhahonYothin Soi 3, Phaya Thai, Chatuchak, Bangkok, Thailand, 10400",4.0,160 meters to public transportation &&Airport transfer &&Free Wi-Fi in all rooms!&&Daily housekeeping&&,8.6,Excellent,"['Sanam Pao BTS Station && 160 m', 'Phaya Thai 2 Hospital && 500 m', 'Royal Thai Army Radio and Television Channel 5 && 500 m', 'Royal Thai Riding Horse Club && 500 m', 'Ari BTS Station && 660 m', 'La Villa Ari && 670 m', 'The Seasons Mall && 680 m', 'Soi Ari && 830 m', 'Veterans General Hospital && 860 m', 'Centre One && 940 m']","['Jim Thompson && 3.17 km', 'Central World && 3.19 km', 'Wat Saket && 4.46 km', 'Terminal 21 Shopping Mall && 4.55 km', 'Khao San Road && 5.09 km', 'Yaowarat Road && 5.15 km', 'Wat Phra Kaew && 6.06 km', 'Grand Palace && 6.07 km', 'Wat Pho Temple && 6.17 km', 'Asiatique - The Riverfront && 8.88 km']"
24,25,Baiyoke Sky Hotel,"222 Ratchaprarop Road, Ratchathewi, Pratunam, Bangkok, Thailand, 10400",4.0,120 meters to public transportation &&Airport transfer &&Located in heart of Bangkok &&Free Wi-Fi in all rooms!&&,8.3,Excellent,"['Baiyoke II Tower && 10 m', 'Airport Rail Link Ratchaprarob Station && 120 m', 'Indra Square && 160 m', 'Phyathai 1 Hospital && 160 m', ""Romeo & Juliet Tailor's House && 190 m"", ""Mister Singh's Fashion Gallery && 190 m"", 'Country Road Fashions && 250 m', 'Impressions Tailor && 250 m', 'Robin Tailor && 330 m', 'Lee Fashion Tailor && 360 m']","['Central World && 980 m', 'Jim Thompson && 1.42 km', 'Terminal 21 Shopping Mall && 2.89 km', 'Wat Saket && 3.63 km', 'Yaowarat Road && 3.66 km', 'Khao San Road && 4.6 km', 'Wat Pho Temple && 5.21 km', 'Wat Phra Kaew && 5.25 km', 'Grand Palace && 5.28 km', 'Asiatique - The Riverfront && 6.9 km']"
25,26,Jellybean CheQinn Hostel Sukhumvit 4,"21/10, Sukhumvit 4, Klongtoey, Sukhumvit, Bangkok, Thailand",2.5,210 meters to public transportation &&Located in heart of Bangkok &&Free Wi-Fi in all rooms!&&Mini bar&&,8.0,Excellent,"['R and R Apparel International && 80 m', ""Nickermann's Tailors && 90 m"", 'Sin Bar && 110 m', 'Nana Fashions && 110 m', ""Raja's Fashions && 110 m"", 'Embassy of Sweden && 140 m', 'Paul Bespoke && 180 m', 'Rajawongse Clothier && 190 m', ""Baron's Fashions && 190 m"", 'Phu Fa && 200 m']","['Terminal 21 Shopping Mall && 800 m', 'Central World && 1.67 km', 'Jim Thompson && 2.9 km', 'Yaowarat Road && 4.74 km', 'Wat Saket && 5.29 km', 'Khao San Road && 6.35 km', 'Wat Pho Temple && 6.6 km', 'Wat Phra Kaew && 6.74 km', 'Asiatique - The Riverfront && 6.74 km', 'Grand Palace && 6.79 km']"
26,27,The Embassy Sathorn,"31 South Sathorn Road Thungmahamek, Sathorn, Bangkok, Thailand,                     ",3.0,670 meters to public transportation &&Free Wi-Fi in all rooms!&&Mini bar&&Daily housekeeping&&,7.8,Very good,"['Alliance Française Bangkok && 50 m', 'Surapon Gallery && 70 m', 'Met Bar && 70 m', 'Embassy of Singapore && 110 m', 'Embassy of Australia && 120 m', 'Banyan Tree Spa && 140 m', 'Sathorn City Tower && 240 m', 'Asia Centre && 240 m', 'Bangkok City Tower && 240 m', 'Empire Tower && 240 m']","['Central World && 2.44 km', 'Terminal 21 Shopping Mall && 2.83 km', 'Jim Thompson && 3.01 km', 'Yaowarat Road && 3.6 km', 'Asiatique - The Riverfront && 4.37 km', 'Wat Saket && 4.77 km', 'Wat Pho Temple && 5.51 km', 'Wat Phra Kaew && 5.78 km', 'Khao San Road && 5.82 km', 'Grand Palace && 5.84 km']"
27,28,Livotel Hotel Kaset Nawamin Bangkok,"333 Soi Prasert-Manukitch 2 ( Phahonyothin 34) Senanikho, Chatuchak, Bangkok, Thailand, 10900",3.5,Free Wi-Fi in all rooms!&&Blackout curtains&&Balcony/terrace&&Daily housekeeping&&,7.9,Very good,"['Fashionlicious Tours && 680 m', 'Chinese House && 720 m', 'Sarawittaya School && 1.35 km', 'Kasetsart University && 1.9 km', 'Winks && 2.02 km', 'Liab Duan Night Market && 2.53 km', 'The Government Complex && 2.79 km', 'Khlong Prem Prison && 3.01 km', 'Urban Square Prachachuen && 3.05 km', 'Rajapruk Sport Club (North Park) && 3.05 km']","['Central World && 11.43 km', 'Terminal 21 Shopping Mall && 11.61 km', 'Jim Thompson && 11.63 km', 'Wat Saket && 12.57 km', 'Khao San Road && 12.83 km', 'Yaowarat Road && 13.54 km', 'Grand Palace && 13.95 km', 'Wat Phra Kaew && 13.96 km', 'Wat Pho Temple && 14.18 km', 'Asiatique - The Riverfront && 17.34 km']"
28,29,iCheck inn Residence Sathorn,"413/1 Soi.Narathiwat 24,Wat Pho Man, Sathupradit Road, Chong nonsi, Yannawa, Sathorn, Bangkok, Thailand, 10120",4.0,Airport transfer &&Free Wi-Fi in all rooms!&&Balcony/terrace&&Mini bar&&,7.3,Very good,"['The UP Rama 3 && 230 m', 'Tentacles && 340 m', 'Central Plaza Rama III && 390 m', 'Tawan Daeng German Brewhouse && 920 m', 'Tawandaeng && 930 m', 'Wat Phaeng && 1.28 km', 'Wat Ratcha Khruet Worawiharn && 1.28 km', 'Wat Nakprok && 1.28 km', 'Wat Nang Chi && 1.28 km', 'Wat Apsonsawan && 1.28 km']","['Asiatique - The Riverfront && 3.83 km', 'Terminal 21 Shopping Mall && 4.64 km', 'Central World && 4.94 km', 'Yaowarat Road && 5.36 km', 'Jim Thompson && 5.43 km', 'Wat Saket && 6.78 km', 'Wat Pho Temple && 7.05 km', 'Wat Phra Kaew && 7.39 km', 'Grand Palace && 7.47 km', 'Khao San Road && 7.74 km']"
29,30,B2 Bangna Premier Hotel,"Soi Sringarindra 65, Bang Na, Bangkok, Thailand, 10250",3.0,Free Wi-Fi in all rooms!&&Daily housekeeping&&Elevator&&Air conditioning&&,7.6,Very good,"['Paradise Park && 970 m', 'Thai Nakarin Hospital && 1.09 km', 'Central Plaza Bangna && 1.44 km', 'Paradise Park Mall && 1.5 km', 'Haha Mall && 1.77 km', 'Twin Lotus Hospital && 1.8 km', 'Sikarin Hospital && 2.21 km', 'Seacon Square && 2.25 km', 'Rama IX Royal Park && 2.36 km', 'Train Night Market Srinakarin && 2.41 km']","['Terminal 21 Shopping Mall && 11.69 km', 'Central World && 14.08 km', 'Jim Thompson && 15.27 km', 'Asiatique - The Riverfront && 15.82 km', 'Yaowarat Road && 16.54 km', 'Wat Saket && 17.54 km', 'Wat Pho Temple && 18.47 km', 'Khao San Road && 18.62 km', 'Wat Phra Kaew && 18.72 km', 'Grand Palace && 18.79 km']"
30,31,Atrium Boutique Resort,"258 Prachauthit Road, Huay Kwang, Ratchadaphisek, Bangkok, Thailand, 10310",3.5,750 meters to public transportation &&Free Wi-Fi in all rooms!&&Room service [24-hour]&&Bar&&,7.1,Very good,"['Siam Niramit && 590 m', ""The Regent's International School && 680 m"", 'CW Tower && 740 m', 'Huai Khwang MRT Station && 760 m', 'Embassy of the Republic of Korea && 770 m', 'Tadu Contemporary Art && 980 m', 'Thailand Cultural Centre && 1.01 km', 'Huay Kwang Night Bazaar && 1.06 km', 'Huay Kwang Stadium && 1.08 km', 'Thailand Cultural Centre MRT Station && 1.11 km']","['Terminal 21 Shopping Mall && 4.55 km', 'Central World && 5.3 km', 'Jim Thompson && 6.11 km', 'Wat Saket && 8.1 km', 'Yaowarat Road && 8.35 km', 'Khao San Road && 8.9 km', 'Wat Phra Kaew && 9.75 km', 'Grand Palace && 9.77 km', 'Wat Pho Temple && 9.78 km', 'Asiatique - The Riverfront && 11.29 km']"
31,32,Narai Hotel,"222 Si Lom, Khwaeng Suriya Wong, Khet Bang Rak, Krung Thep Maha Nakhon, Silom, Bangkok, Thailand, 10500",4.0,560 meters to public transportation &&Airport transfer &&Located in heart of Bangkok &&Free Wi-Fi in all rooms!&&,8.2,Excellent,"['Universal Tailors && 90 m', 'Smile Tailors && 110 m', 'Max Custom Tailor && 140 m', 'House of Chao && 150 m', 'Baan Silom Arcade && 150 m', 'Jewelry Trade Center && 150 m', 'V9 Wine Bar & Restaurant && 160 m', 'V9 && 160 m', 'Panburi Building && 210 m', 'Embassy of Burma && 210 m']","['Yaowarat Road && 2.32 km', 'Jim Thompson && 2.68 km', 'Central World && 2.78 km', 'Asiatique - The Riverfront && 3.3 km', 'Wat Saket && 3.71 km', 'Terminal 21 Shopping Mall && 4.11 km', 'Wat Pho Temple && 4.15 km', 'Wat Phra Kaew && 4.45 km', 'Grand Palace && 4.52 km', 'Khao San Road && 4.68 km']"
32,33,Wanderlust Bangkok Hostel,"74 Ladkrabang40 Ladkrabang Ladkrabang Bangkok, Suvarnabhumi Airport, Bangkok, Thailand, 10520",2.0,Airport transfer &&Free Wi-Fi in all rooms!&&Breakfast [free]&&Daily housekeeping&&,7.0,Very good,"['Wat Plooksattha && 1.07 km', 'Wat Latkrabang && 1.32 km', 'Krua Rabieng Nam Restaurant && 1.34 km', 'Ladkrabang Railway Station && 1.83 km', 'Airport Rail Link Ladkrabang && 1.84 km', 'Chaolanta Chaika Suvarnabhumi Restaurant && 2.2 km', 'Lat Krabang Hospital && 2.37 km', 'Airport Rail Link Suvarnabhumi Station && 2.51 km', 'Wat Sangkaracha && 2.79 km', 'Suvarnabhumi Airport && 2.84 km']","['Terminal 21 Shopping Mall && 21.94 km', 'Central World && 24.32 km', 'Jim Thompson && 25.54 km', 'Yaowarat Road && 27.43 km', 'Wat Saket && 27.93 km', 'Asiatique - The Riverfront && 28.04 km', 'Khao San Road && 28.95 km', 'Wat Pho Temple && 29.32 km', 'Wat Phra Kaew && 29.45 km', 'Grand Palace && 29.5 km']"
33,34,Miracle Grand Convention Hotel,"99 Vibhavadi-Rangsit Road, Laksi, Don Mueang International Airport, Bangkok, Thailand, 10210",5.0,Airport transfer &&Free Wi-Fi in all rooms!&&Sauna&&Steamroom&&,7.7,Very good,"['Parso Driving range && 320 m', 'Consulate General of the Dominican Republic && 1.1 km', 'Thailand Post && 1.15 km', 'TOT Public Company Limited && 1.15 km', 'Asian Pacific Postal Union Bureau (APPU) && 1.15 km', 'Department of Consular Affairs && 1.15 km', 'Administrative Court && 1.15 km', 'Immigration 1 Division && 1.15 km', 'Provincial Waterworks Authority && 1.17 km', 'Nantapat Physical Therapy Clinic && 1.34 km']","['Central World && 15.05 km', 'Jim Thompson && 15.05 km', 'Terminal 21 Shopping Mall && 15.54 km', 'Wat Saket && 15.54 km', 'Khao San Road && 15.58 km', 'Grand Palace && 16.71 km', 'Yaowarat Road && 16.72 km', 'Wat Phra Kaew && 16.73 km', 'Wat Pho Temple && 17.02 km', 'Asiatique - The Riverfront && 20.72 km']"
34,35,iCheck inn Regency Chinatown,"Charoen Krung Road, China Town, Bangkok, Thailand, 10100",3.0,980 meters to public transportation &&Free Wi-Fi in all rooms!&&Blackout curtains&&Mini bar&&,7.8,Very good,"['Kuan Yim Shrine (Thian Fa Foundation) && 110 m', 'Krung Thai Art Gallery && 140 m', 'Lin Zhen Xiang - Titbits and Snacks && 230 m', 'Sampeng - Accessories Market && 240 m', 'Wat Chakkrawat && 240 m', 'Trok Itsaranuphap && 300 m', 'Yaowarat Road && 310 m', 'Klong Thom Market - Electrical Market && 410 m', 'Sampeng Market && 440 m', 'Nakhon Kasem && 460 m']","['Yaowarat Road && 310 m', 'Wat Saket && 1.25 km', 'Wat Pho Temple && 1.69 km', 'Wat Phra Kaew && 1.9 km', 'Grand Palace && 1.97 km', 'Khao San Road && 2.07 km', 'Jim Thompson && 2.31 km', 'Central World && 3.4 km', 'Asiatique - The Riverfront && 4.35 km', 'Terminal 21 Shopping Mall && 5.7 km']"
35,36,De Botan Hotel,"12 Soi Supapong 3 section 2, Srinakharin Rd., Nong Bon, Prawet, Bangkok 10250, Bang Na, Bangkok, Thailand, 10250",3.0,Free Wi-Fi in all rooms!&&Blackout curtains&&Balcony/terrace&&Daily housekeeping&&,7.5,Very good,"['Seacon Square && 220 m', 'Miss Violet Vintage Shop && 370 m', 'Train Night Market Srinakarin && 410 m', 'Haha Mall && 650 m', 'Paradise Park Mall && 910 m', 'Paradise Park && 1.44 km', 'Jim Thompson Factory Soi 93 Outlet && 2.05 km', 'Rama IX Royal Park && 2.06 km', 'Pickadaily Bangkok Community Mall && 2.1 km', 'Wat Krathum Suea Pla && 3.04 km']","['Terminal 21 Shopping Mall && 10.43 km', 'Central World && 12.89 km', 'Jim Thompson && 14.11 km', 'Asiatique - The Riverfront && 15.51 km', 'Yaowarat Road && 15.63 km', 'Wat Saket && 16.46 km', 'Khao San Road && 17.54 km', 'Wat Pho Temple && 17.57 km', 'Wat Phra Kaew && 17.78 km', 'Grand Palace && 17.84 km']"
36,37,Le Clarita,"Ratchaprarop 20,22 Ratchaprarop Road. Ratchathewi, Pratunam, Bangkok, Thailand, 10400",3.0,370 meters to public transportation &&Free Wi-Fi in all rooms!&&Daily housekeeping&&Air conditioning&&,7.0,Very good,"['Sabino Custom Tailor && 70 m', 'The Oxford Tailor && 110 m', 'The Palladium World Shopping && 150 m', 'Water Bar && 210 m', 'Santipharp Park && 290 m', 'Airport Rail Link Makkasan Station && 370 m', 'Raintree && 380 m', 'Sriayudhya School && 390 m', 'Bangkok Dolls && 440 m', 'Robin Tailor && 450 m']","['Central World && 1.7 km', 'Jim Thompson && 2.05 km', 'Terminal 21 Shopping Mall && 3.19 km', 'Wat Saket && 4.01 km', 'Yaowarat Road && 4.25 km', 'Khao San Road && 4.89 km', 'Wat Phra Kaew && 5.65 km', 'Wat Pho Temple && 5.67 km', 'Grand Palace && 5.68 km', 'Asiatique - The Riverfront && 7.63 km']"
37,38,Aspira Hiptique Sukhumvit 13,"42, Sukhumvit 13, Klongtoey Nua, Wattana, Sukhumvit, Bangkok, Thailand, 10110",3.5,670 meters to public transportation &&Located in heart of Bangkok &&Free Wi-Fi in all rooms!&&Daily housekeeping&&,6.6,Good,"['Twisted Republic && 270 m', 'Wattana Wittaya\xa0Academy && 300 m', 'Ambassador Hotel Fitness Centre && 340 m', 'Nest Rooftop Bar && 360 m', 'Cheap Charlie’s && 410 m', 'Best Tailor && 430 m', 'Embassy of Mongolia && 450 m', 'Embassy of Israel && 470 m', 'Buathip Thai Massage && 500 m', 'Rutnin Eye Hospital && 510 m']","['Terminal 21 Shopping Mall && 960 m', 'Central World && 2.05 km', 'Jim Thompson && 3.25 km', 'Yaowarat Road && 5.28 km', 'Wat Saket && 5.64 km', 'Khao San Road && 6.67 km', 'Wat Pho Temple && 7.07 km', 'Wat Phra Kaew && 7.17 km', 'Grand Palace && 7.22 km', 'Asiatique - The Riverfront && 7.54 km']"
38,39,Ambassador Hotel Bangkok,"171 Sukhumvit Rd., Soi 11, Wattana, Sukhumvit, Bangkok, Thailand, 10110",4.0,160 meters to public transportation &&Airport transfer &&Located in heart of Bangkok &&Free Wi-Fi in all rooms!&&,8.3,Excellent,"['Jhasper Fashion Custom Tailors && 40 m', 'Patrick&Co && 40 m', ""Nick's International Boutique House && 40 m"", 'Best Tailor && 130 m', ""Jackie's Tailor && 130 m"", 'Sarto di Moda && 140 m', 'Narry Tailors && 140 m', 'Nana BTS Station && 160 m', 'Cheap Charlie’s && 170 m', 'Siam Emporium Bespoke Tailor (Nana) && 170 m']","['Terminal 21 Shopping Mall && 600 m', 'Central World && 1.94 km', 'Jim Thompson && 3.17 km', 'Yaowarat Road && 5.07 km', 'Wat Saket && 5.57 km', 'Khao San Road && 6.63 km', 'Wat Pho Temple && 6.92 km', 'Wat Phra Kaew && 7.04 km', 'Asiatique - The Riverfront && 7.09 km', 'Grand Palace && 7.1 km']"
39,40,The Quarter Ladprao by UHG,"80 Soi Ladprao 4 Ladprao Road Chomphon Chatujak Bangkok 10900, Ratchadaphisek, Bangkok, Thailand, 10900",3.5,520 meters to public transportation &&Airport transfer &&Free Wi-Fi in all rooms!&&Daily housekeeping&&,9.2,Exceptional,"['Union Mall && 210 m', 'Central Plaza Lad Phrao && 510 m', 'TST Tower && 520 m', 'Phahon Yothin MRT Station && 520 m', 'Central Plaza Ladprao && 540 m', 'Horwang School && 660 m', 'House of Dhamma && 850 m', 'JJ Green && 880 m', 'Children’s Discovery Museum && 1.3 km', 'Mo Chit BTS Station && 1.37 km']","['Central World && 7.75 km', 'Jim Thompson && 7.87 km', 'Terminal 21 Shopping Mall && 8.28 km', 'Wat Saket && 8.8 km', 'Khao San Road && 9.12 km', 'Yaowarat Road && 9.75 km', 'Grand Palace && 10.23 km', 'Wat Phra Kaew && 10.24 km', 'Wat Pho Temple && 10.44 km', 'Asiatique - The Riverfront && 13.58 km']"
40,41,LiveItUp Asok,"390/2-3 3rd-5th Floor, Soi Sukhumvit 16-18, Sukhumvit Road, Klongtoey, Bangkok, Sukhumvit, Bangkok, Thailand, 10110",2.0,240 meters to public transportation &&Located in heart of Bangkok &&Free Wi-Fi in all rooms!&&Daily housekeeping&&,9.2,Exceptional,"['Siam Emporium && 40 m', 'Ship Inn && 110 m', 'Exchange Tower && 150 m', 'Divana Massage and Spa && 180 m', ""Raja's International Custom Tailors && 180 m"", 'Sukumvit Plaza Korean Town && 180 m', 'Soi Cowboy && 190 m', 'Samadha Thai Pants && 190 m', 'Adorable Mine Shop && 200 m', 'Black Swan && 210 m']","['Terminal 21 Shopping Mall && 280 m', 'Central World && 2.71 km', 'Jim Thompson && 3.94 km', 'Yaowarat Road && 5.69 km', 'Wat Saket && 6.32 km', 'Asiatique - The Riverfront && 7.24 km', 'Khao San Road && 7.39 km', 'Wat Pho Temple && 7.58 km', 'Wat Phra Kaew && 7.74 km', 'Grand Palace && 7.79 km']"
41,42,Jim's Lodge,"125/7 Soi Ruamrudee, Ploenchit Road, Lumpini,Pathumwan., Wireless, Bangkok, Thailand, 10330",3.0,700 meters to public transportation &&Located in heart of Bangkok &&Free Wi-Fi in all rooms!&&Balcony/terrace&&,7.9,Very good,"['Uthai’s Gems && 100 m', 'Embassy of the Czech Republic && 230 m', 'Embassy of Kazakhstan && 240 m', 'Masjid Indonesia && 250 m', 'Embassy of Egypt && 280 m', 'ANS International Custom Tailors && 290 m', 'Embassy of the United Arab Emirates && 300 m', 'Embassy of Italy && 310 m', 'Venus Jewelry && 320 m', 'Embassy of New Zealand && 340 m']","['Terminal 21 Shopping Mall && 1.26 km', 'Central World && 1.45 km', 'Jim Thompson && 2.61 km', 'Yaowarat Road && 4.25 km', 'Wat Saket && 4.94 km', 'Khao San Road && 6.02 km', 'Asiatique - The Riverfront && 6.11 km', 'Wat Pho Temple && 6.15 km', 'Wat Phra Kaew && 6.32 km', 'Grand Palace && 6.37 km']"
42,43,JOSH Hotel,"19/2 Phaholyothin Road, Soi Ari 4 (Nua), Chatuchak, Bangkok, Thailand, 10400",3.5,440 meters to public transportation &&Free Wi-Fi in all rooms!&&Breakfast [free]&&Balcony/terrace &&,7.8,Very good,"['Elephant Tower && 200 m', 'Soi Ari && 240 m', 'Ari BTS Station && 440 m', 'La Villa Ari && 450 m', 'Chakran && 1.03 km', 'Sanam Pao BTS Station && 1.22 km', 'Saphan Khwai BTS Station && 1.28 km', 'Gems Gallery International Manufacturer && 1.43 km', 'Phaya Thai 2 Hospital && 1.47 km', 'Royal Thai Army Radio and Television Channel 5 && 1.47 km']","['Jim Thompson && 4.2 km', 'Central World && 4.24 km', 'Wat Saket && 5.22 km', 'Terminal 21 Shopping Mall && 5.44 km', 'Khao San Road && 5.71 km', 'Yaowarat Road && 6.07 km', 'Wat Phra Kaew && 6.76 km', 'Grand Palace && 6.76 km', 'Wat Pho Temple && 6.91 km', 'Asiatique - The Riverfront && 9.9 km']"
43,44,Mode Sathorn Hotel,"144 North Sathorn Road, Silom, Bangrak, Sathorn, Bangkok, Thailand, 10500",4.0,30 meters to public transportation &&Airport transfer &&Free Wi-Fi in all rooms!&&Hot tub&&,8.8,Excellent,"['Wat Yannawa && 20 m', 'Surasak BTS Station && 30 m', 'Blue Elephant Thai Cooking School && 60 m', 'Lerdsin Hospital && 140 m', 'Divana Virtue Spa && 170 m', 'Bangkok Christian College && 180 m', 'Chartered Square && 250 m', 'Wat Suan Plu && 290 m', 'St. Louis Church && 310 m', 'Consulate of the Republic of Armenia && 340 m']","['Asiatique - The Riverfront && 2.62 km', 'Yaowarat Road && 2.67 km', 'Jim Thompson && 3.38 km', 'Central World && 3.5 km', 'Wat Saket && 4.15 km', 'Wat Pho Temple && 4.32 km', 'Terminal 21 Shopping Mall && 4.65 km', 'Wat Phra Kaew && 4.66 km', 'Grand Palace && 4.73 km', 'Khao San Road && 5.05 km']"
44,45,Centara Grand at Central Plaza Ladprao Bangkok,"1695 Phaholyothin Road, Chatuchak, Bangkok, Thailand, 10900",5.0,180 meters to public transportation &&Airport transfer &&Free Wi-Fi in all rooms!&&Steamroom&&,8.5,Excellent,"['Central Plaza Ladprao && 160 m', 'Phahon Yothin MRT Station && 180 m', 'Horwang School && 200 m', 'Central Plaza Lad Phrao && 200 m', 'Union Mall && 490 m', 'TST Tower && 1.11 km', 'JJ Green && 1.23 km', 'House of Dhamma && 1.32 km', 'Winks && 1.4 km', 'Mo-Chit Bus Station && 1.43 km']","['Central World && 8.33 km', 'Jim Thompson && 8.38 km', 'Terminal 21 Shopping Mall && 8.95 km', 'Wat Saket && 9.17 km', 'Khao San Road && 9.42 km', 'Yaowarat Road && 10.19 km', 'Grand Palace && 10.54 km', 'Wat Phra Kaew && 10.56 km', 'Wat Pho Temple && 10.78 km', 'Asiatique - The Riverfront && 14.09 km']"
45,46,The Sunrise Residence,"110/1 Soi Saladaeng 1/1, Saladaeng rd., Silom, Bangrak, Silom, Bangkok, Thailand, 10500",3.5,570 meters to public transportation &&Free Wi-Fi in all rooms!&&Garden&&Air conditioning&&,7.8,Very good,"['Abdulhrahim Building && 80 m', 'U Chu Liang Building && 80 m', 'Bank of Tokyo-Mitsubishi && 100 m', 'Vino di Zanotti && 110 m', 'Superfly && 270 m', 'Surapon Gallery && 310 m', 'Moon Bar at Vertigo && 330 m', 'Met Bar && 330 m', 'Alliance Française Bangkok && 330 m', 'Embassy of Germany && 350 m']","['Central World && 2.09 km', 'Terminal 21 Shopping Mall && 2.58 km', 'Jim Thompson && 2.72 km', 'Yaowarat Road && 3.52 km', 'Wat Saket && 4.61 km', 'Asiatique - The Riverfront && 4.64 km', 'Wat Pho Temple && 5.46 km', 'Khao San Road && 5.68 km', 'Wat Phra Kaew && 5.7 km', 'Grand Palace && 5.77 km']"
46,47,The Quarter Ari by UHG,"428 Soi Phahonyothin 10, Phahonyothin Road, Phayathai Samsen Nai, Chatuchak, Bangkok, Thailand, 10400",4.0,560 meters to public transportation &&Airport transfer &&Free Wi-Fi in all rooms!&&Breakfast [free]&&,8.5,Excellent,"['Elephant Tower && 260 m', 'Soi Ari && 420 m', 'La Villa Ari && 550 m', 'Ari BTS Station && 560 m', 'Saphan Khwai BTS Station && 1.09 km', 'Xavier Hall && 1.33 km', 'Chakran && 1.34 km', 'Sanam Pao BTS Station && 1.37 km', 'Or Tor Kor (OTK) Market && 1.42 km', 'Or Tor Kor Market && 1.43 km']","['Central World && 4.37 km', 'Jim Thompson && 4.39 km', 'Terminal 21 Shopping Mall && 5.43 km', 'Wat Saket && 5.49 km', 'Khao San Road && 6 km', 'Yaowarat Road && 6.31 km', 'Wat Phra Kaew && 7.04 km', 'Grand Palace && 7.05 km', 'Wat Pho Temple && 7.19 km', 'Asiatique - The Riverfront && 10.1 km']"
47,48,Hi Residence,"649-649/1-176 Asok Dindaeng Rd., Dindaeng,, Ratchadaphisek, Bangkok, Thailand, 10400",4.0,790 meters to public transportation &&Free Wi-Fi in all rooms!&&Daily housekeeping&&Bar &&,7.2,Very good,"['Fortune Town && 780 m', 'Phra Ram 9 MRT Station && 790 m', 'Makkasan Railway Depot & Workshop && 800 m', 'Huai Khwang Night Market && 840 m', 'Tesco Lotus Fortune && 880 m', 'The Shoppes Grand Rama 9 && 890 m', 'Central Rama 9 && 890 m', 'Nest Rooftop Bar && 910 m', 'Phetchaburi MRT Station && 970 m', 'Ct chinese tailor && 980 m']","['Terminal 21 Shopping Mall && 2.12 km', 'Central World && 2.37 km', 'Jim Thompson && 3.34 km', 'Yaowarat Road && 5.55 km', 'Wat Saket && 5.59 km', 'Khao San Road && 6.53 km', 'Wat Pho Temple && 7.17 km', 'Wat Phra Kaew && 7.2 km', 'Grand Palace && 7.24 km', 'Asiatique - The Riverfront && 8.33 km']"
48,49,W22 by Burasari,"Mittraphan Road, China Town, Bangkok, Thailand, 10100",3.0,440 meters to public transportation &&Free Wi-Fi in all rooms!&&Daily housekeeping&&Elevator&&,8.3,Excellent,"['Chinatown - Bangkok && 80 m', '22 July Roundabout && 80 m', 'Whitespace Gallery && 170 m', 'The Museum of Thai Red Cross Society && 180 m', 'Hang Sura Lao Ngi Chun && 210 m', 'Yaowarat Road && 380 m', 'Wat Traimit && 380 m', 'Hua Lamphong MRT Station && 440 m', 'Lin Zhen Xiang - Titbits and Snacks && 440 m', 'Plaplachai Temple && 450 m']","['Yaowarat Road && 380 m', 'Wat Saket && 1.52 km', 'Jim Thompson && 1.86 km', 'Wat Pho Temple && 2.25 km', 'Wat Phra Kaew && 2.45 km', 'Khao San Road && 2.49 km', 'Grand Palace && 2.51 km', 'Central World && 2.88 km', 'Asiatique - The Riverfront && 4.32 km', 'Terminal 21 Shopping Mall && 5.15 km']"
49,51,Pas Cher Hotel De Bangkok,"28/5 Soi Charoen Wieng Charoen Krueng Road Bangruk, Sathorn, Bangkok, Thailand, 10500",3.5,360 meters to public transportation &&Airport transfer &&Free Wi-Fi in all rooms!&&Mini bar&&,8.1,Excellent,"['Chartered Square && 200 m', 'State Tower && 210 m', 'Sky Bar - State Tower && 210 m', 'Sirocco Sky Bar && 220 m', 'Chiang Heng && 240 m', 'Maison Des Arts && 260 m', 'Naraya Patpong && 260 m', 'Lerdsin Hospital && 310 m', 'Thai Native Gems && 310 m', 'Sathorn 11 Art Space && 320 m']","['Asiatique - The Riverfront && 2.29 km', 'Yaowarat Road && 2.5 km', 'Jim Thompson && 3.52 km', 'Central World && 3.78 km', 'Wat Saket && 4.01 km', 'Wat Pho Temple && 4.02 km', 'Wat Phra Kaew && 4.37 km', 'Grand Palace && 4.45 km', 'Khao San Road && 4.85 km', 'Terminal 21 Shopping Mall && 5.07 km']"
50,52,Q Hotel,"2082 New Petchaburi Road, Bangkapi, Huai Khwang, Sukhumvit, Bangkok, Thailand, 10320",3.0,Free Wi-Fi in all rooms!&&Room service [24-hour]&&Air conditioning&&Laundry service&&,6.7,Good,"['Royal City Golf Club && 210 m', 'Wat Mai Chong Lom Pier && 240 m', 'RCA Nightlife && 340 m', 'Ital-Thai Tower Pier && 350 m', 'Royal City Avenue && 400 m', 'Teo+Namfah Gallery && 410 m', 'Zeta && 510 m', 'Cho Cho Green Art & Meditation Bangkok && 550 m', 'Baan Don Mosque Pier && 570 m', '808 Club && 600 m']","['Terminal 21 Shopping Mall && 2.01 km', 'Central World && 4.04 km', 'Jim Thompson && 5.23 km', 'Yaowarat Road && 7.27 km', 'Wat Saket && 7.61 km', 'Khao San Road && 8.62 km', 'Wat Pho Temple && 9.07 km', 'Wat Phra Kaew && 9.16 km', 'Grand Palace && 9.21 km', 'Asiatique - The Riverfront && 9.22 km']"
51,54,Baron Zotel,"77 Soi.ladprao 117 ladprao Rd., klongjun bangkapi, Bang Kapi, Bangkok, Thailand, 10240",3.5,Airport transfer &&Free Wi-Fi in all rooms!&&Blackout curtains&&Balcony/terrace&&,7.1,Very good,"['Dr Somchai Clinic && 390 m', 'N Mark Plaza && 440 m', 'Major Cineplex Bangkapi && 460 m', 'Tawanna Plaza && 470 m', 'Vejthani Hospital && 520 m', 'Raan Bai Mai && 530 m', 'The Mall Bangkapi && 620 m', 'The Mall Bang Kapi Pier && 780 m', 'ICK Pub && 970 m', 'Bang Kapi Pier && 990 m']","['Terminal 21 Shopping Mall && 9.46 km', 'Central World && 11.33 km', 'Jim Thompson && 12.4 km', 'Yaowarat Road && 14.58 km', 'Wat Saket && 14.62 km', 'Khao San Road && 15.51 km', 'Wat Pho Temple && 16.23 km', 'Wat Phra Kaew && 16.26 km', 'Grand Palace && 16.29 km', 'Asiatique - The Riverfront && 16.63 km']"
52,55,Baiyoke Suite Hotel,"130 Rajprarop Rd, Rajthevee, Pratunam, Bangkok, Thailand,                     ",3.0,270 meters to public transportation &&Located in heart of Bangkok &&Free Wi-Fi in all rooms!&&Mini bar&&,8.4,Excellent,"['Indra Square && 120 m', 'Baiyoke II Tower && 190 m', 'Country Road Fashions && 190 m', 'Lee Fashion Tailor && 210 m', 'Airport Rail Link Ratchaprarob Station && 270 m', 'Newman Exclusive Tailor && 280 m', ""Romeo & Juliet Tailor's House && 310 m"", 'Embassy of Indonesia && 320 m', ""Mister Singh's Fashion Gallery && 330 m"", 'Impressions Tailor && 330 m']","['Central World && 810 m', 'Jim Thompson && 1.28 km', 'Terminal 21 Shopping Mall && 2.85 km', 'Yaowarat Road && 3.51 km', 'Wat Saket && 3.55 km', 'Khao San Road && 4.54 km', 'Wat Pho Temple && 5.1 km', 'Wat Phra Kaew && 5.14 km', 'Grand Palace && 5.18 km', 'Asiatique - The Riverfront && 6.71 km']"
53,56,Chaophya Park Hotel,"247 Rachadapisek Road, Ratchadaphisek, Bangkok, Thailand, 10400",4.0,540 meters to public transportation &&Airport transfer &&Free Wi-Fi in all rooms!&&Hot tub&&,7.7,Very good,"['Ratchadaphisek MRT Station && 550 m', 'Sutthisan MRT Station && 700 m', 'The Street && 870 m', 'Vespa Market && 900 m', 'Ratchada Market && 1.07 km', 'Lat Phrao MRT Station && 1.11 km', 'Mansion 7 Shopping Center && 1.2 km', 'Wat Lat Phrao && 1.32 km', 'Embassy of Turkey && 1.62 km', 'House of Dhamma && 1.69 km']","['Terminal 21 Shopping Mall && 6.64 km', 'Central World && 6.68 km', 'Jim Thompson && 7.12 km', 'Wat Saket && 8.59 km', 'Khao San Road && 9.16 km', 'Yaowarat Road && 9.24 km', 'Wat Phra Kaew && 10.18 km', 'Grand Palace && 10.18 km', 'Wat Pho Temple && 10.3 km', 'Asiatique - The Riverfront && 12.72 km']"
54,57,Naga Residence,"19/1 Soi Charoennakorn 17, Charoennakorn Road, Banglumpoo-Lang, Klongsan, Bangkok Thailand, Bangkok Riverside, Bangkok, Thailand, 10600",3.0,600 meters to public transportation &&Airport transfer &&Free Wi-Fi in all rooms!&&Balcony/terrace&&,8.3,Excellent,"['Riverside Plaza && 200 m', 'SENA Fest Lifestyle Mall && 240 m', 'Thaksin Pier && 490 m', 'Sathorn Central Pier && 510 m', 'Diamond oval ring && 560 m', 'Rich Tailor && 560 m', 'Chinese Temple Jael Aeung Beal && 570 m', 'The Market Bangkok && 570 m', 'Wat Sawetachat Pier && 580 m', 'Robinson Bangrak Shopping Mall && 600 m']","['Asiatique - The Riverfront && 1.64 km', 'Yaowarat Road && 2.55 km', 'Wat Pho Temple && 3.66 km', 'Wat Phra Kaew && 4.05 km', 'Wat Saket && 4.05 km', 'Jim Thompson && 4.08 km', 'Grand Palace && 4.12 km', 'Central World && 4.53 km', 'Khao San Road && 4.72 km', 'Terminal 21 Shopping Mall && 5.97 km']"
55,58,Miracle Suvarnabhumi Airport,"68/101 King-Keow Road Tachathewa Sub District Bang Phli Samut prakan, Suvarnabhumi Airport, Bangkok, Thailand, 10540",4.0,Airport transfer &&Free Wi-Fi in all rooms!&&Mini bar&&Daily housekeeping&&,7.2,Very good,"['Bang Na Hospital && 440 m', 'Wat King Kaew && 1.9 km', 'Thana City Golf and Country Club && 2.55 km', 'Windmill Golf Course && 3.08 km', 'Suvarnabhumi Airport && 3.26 km', 'Airport Rail Link Suvarnabhumi Station && 3.71 km', 'Ramkhamhaeng University Bangna Campus && 4.21 km', 'Wat Rat Nimit Sattha Tham && 4.59 km', 'Chaolanta Chaika Suvarnabhumi Restaurant && 4.69 km', 'Hi-Q Food Co., Ltd. && 4.91 km']","['Terminal 21 Shopping Mall && 19.13 km', 'Central World && 21.59 km', 'Jim Thompson && 22.83 km', 'Asiatique - The Riverfront && 24.23 km', 'Yaowarat Road && 24.43 km', 'Wat Saket && 25.2 km', 'Khao San Road && 26.28 km', 'Wat Pho Temple && 26.37 km', 'Wat Phra Kaew && 26.57 km', 'Grand Palace && 26.63 km']"
56,59,At Mind Executive Suites,"8, Sukhumvit soi 85, Bangchak, Phrakhanong, Sukhumvit, Bangkok, Thailand, 10260",4.5,440 meters to public transportation &&Free Wi-Fi in all rooms!&&Sauna&&Balcony/terrace&&,7.4,Very good,"['Century The Movie Plaza Sukhumvit && 390 m', 'Tesco Lotus Sukhumvit && 410 m', 'On Nut BTS Station && 440 m', 'Bangchak BTS Station && 770 m', 'Tokai Surgery Clinic && 780 m', 'Asia Herb Association - Phrom Phong Shop && 860 m', 'On Nut Market && 1.29 km', 'HOF Art Space at W District && 1.31 km', 'Punnawithi BTS Station && 1.64 km', 'W Market && 1.69 km']","['Terminal 21 Shopping Mall && 6.03 km', 'Central World && 8.41 km', 'Jim Thompson && 9.6 km', 'Asiatique - The Riverfront && 10.76 km', 'Yaowarat Road && 10.94 km', 'Wat Saket && 11.88 km', 'Wat Pho Temple && 12.88 km', 'Khao San Road && 12.96 km', 'Wat Phra Kaew && 13.11 km', 'Grand Palace && 13.17 km']"
57,60,Sarasinee All Suite Boutique Hotel,"369 Charoen Nakorn Road, Soi Charoen Nakorn 14/2, Klongsan, Thonburi, Bangkok, Thailand, 10600",4.0,500 meters to public transportation &&Free Wi-Fi in all rooms!&&Hot tub&&Blackout curtains&&,7.0,Very good,"['SENA Fest Lifestyle Mall && 200 m', 'Riverside Plaza && 240 m', 'Krung Thon Buri BTS Station && 500 m', 'Oriental Spa Thai Health & Beauty Centre && 540 m', 'Oriental Spa && 630 m', 'Thaksin Pier && 670 m', 'Sathorn Central Pier && 670 m', 'ICONSIAM && 740 m', 'Sara Rim Naam Restaurant && 750 m', ""Lord Jim's Restaurant && 750 m""]","['Asiatique - The Riverfront && 1.94 km', 'Yaowarat Road && 2.19 km', 'Wat Pho Temple && 3.22 km', 'Wat Phra Kaew && 3.61 km', 'Wat Saket && 3.66 km', 'Grand Palace && 3.68 km', 'Jim Thompson && 3.89 km', 'Khao San Road && 4.3 km', 'Central World && 4.45 km', 'Terminal 21 Shopping Mall && 6.06 km']"
58,62,Lucky Green View Hotel,"137 Soi Ramkhamhaeng 50 Ramkhamhaeng Rd.,, Bang Kapi, Bangkok, Thailand, 10240",3.5,Free Wi-Fi in all rooms!&&Balcony/terrace&&Garden&&Elevator&&,6.9,Good,"['ICK Pub && 910 m', 'Samitivej Srinakarin Hospital && 940 m', 'Ramkhamhaeng Hospital Public Company Limited && 1.03 km', 'The Mall Bang Kapi Pier && 1.12 km', 'Bang Kapi Pier && 1.25 km', 'The Mall Bangkapi && 1.27 km', 'Tawanna Plaza && 1.41 km', 'Wat Klang Pier && 1.43 km', 'N Mark Plaza && 1.47 km', 'Dr Somchai Clinic && 1.5 km']","['Terminal 21 Shopping Mall && 9.12 km', 'Central World && 11.25 km', 'Jim Thompson && 12.4 km', 'Yaowarat Road && 14.49 km', 'Wat Saket && 14.73 km', 'Khao San Road && 15.69 km', 'Asiatique - The Riverfront && 16.1 km', 'Wat Pho Temple && 16.26 km', 'Wat Phra Kaew && 16.33 km', 'Grand Palace && 16.37 km']"
59,63,Baiyoke Boutique Hotel,"120/359 Ratchaprarop Road (Behind Baiyoke Sky Hotel), Rajthevee, Pratunam, Bangkok, Thailand,                     ",3.0,100 meters to public transportation &&Airport transfer &&Located in heart of Bangkok &&Free Wi-Fi in all rooms!&&,8.1,Excellent,"['Baiyoke II Tower && 60 m', 'Airport Rail Link Ratchaprarob Station && 100 m', 'Phyathai 1 Hospital && 120 m', ""Mister Singh's Fashion Gallery && 170 m"", ""Romeo & Juliet Tailor's House && 170 m"", 'Indra Square && 210 m', 'Impressions Tailor && 250 m', 'Robin Tailor && 270 m', 'Country Road Fashions && 290 m', 'Suan Pakkad Palace && 360 m']","['Central World && 1.03 km', 'Jim Thompson && 1.47 km', 'Terminal 21 Shopping Mall && 2.9 km', 'Wat Saket && 3.66 km', 'Yaowarat Road && 3.71 km', 'Khao San Road && 4.62 km', 'Wat Pho Temple && 5.25 km', 'Wat Phra Kaew && 5.28 km', 'Grand Palace && 5.31 km', 'Asiatique - The Riverfront && 6.96 km']"
60,65,D Varee Diva Bally Sukhumvit Hotel,"172 Sukhumvit, Soi 20 Sukhumvit Rd. Klong Toey, Sukhumvit, Bangkok, Thailand",4.0,650 meters to public transportation &&Located in heart of Bangkok &&Free Wi-Fi in all rooms!&&Balcony/terrace&&,7.3,Very good,"['Gallery F-Stop && 270 m', 'Consulate of Tunisia && 290 m', 'World Fellowship of Buddhists && 340 m', 'AL-Mubeen Carpets Bangkok, Thailand && 430 m', 'Mambo Cabaret && 450 m', 'Benjasiri Park && 460 m', 'Fiorenzo Tailor && 490 m', 'Embassy of Spain && 500 m', 'Emporium Shopping Complex && 500 m', 'SFV && 520 m']","['Terminal 21 Shopping Mall && 1.04 km', 'Central World && 3.27 km', 'Jim Thompson && 4.47 km', 'Yaowarat Road && 6.01 km', 'Wat Saket && 6.79 km', 'Asiatique - The Riverfront && 7.1 km', 'Khao San Road && 7.87 km', 'Wat Pho Temple && 7.94 km', 'Wat Phra Kaew && 8.13 km', 'Grand Palace && 8.19 km']"
61,66,Stay Hotel BKK,"45 Ratchadapisek 17, Dindaeng, Bangkok Thailand, Ratchadaphisek, Bangkok, Thailand, 10400",3.5,470 meters to public transportation &&Airport transfer &&Free Wi-Fi in all rooms!&&Breakfast [free]&&,7.8,Very good,"['The Street && 340 m', 'Sutthisan MRT Station && 470 m', 'Mansion 7 Shopping Center && 520 m', 'Huai Khwang MRT Station && 890 m', 'Huay Kwang Night Bazaar && 1.02 km', 'Huay Kwang Stadium && 1.17 km', 'Ratchadaphisek MRT Station && 1.59 km', 'Embassy of Turkey && 1.64 km', 'CW Tower && 1.91 km', 'Vespa Market && 1.94 km']","['Terminal 21 Shopping Mall && 5.59 km', 'Central World && 5.7 km', 'Jim Thompson && 6.23 km', 'Wat Saket && 7.86 km', 'Yaowarat Road && 8.39 km', 'Khao San Road && 8.51 km', 'Wat Phra Kaew && 9.48 km', 'Grand Palace && 9.49 km', 'Wat Pho Temple && 9.57 km', 'Asiatique - The Riverfront && 11.76 km']"
62,68,The Paragon Inn,"Soi Latkrabang 22, Latkrabang Rd., Samut Prakan, Thailand, Suvarnabhumi Airport, Bangkok, Thailand, 10540",3.5,Airport transfer &&Free Wi-Fi in all rooms!&&Daily housekeeping&&Garden &&,7.7,Very good,"['The Paseo Mall && 610 m', 'Wat Lan Boon && 890 m', 'Suvarnabhumi Outdoor Market && 890 m', 'Wat Sangkaracha && 1.13 km', 'Chaolanta Chaika Suvarnabhumi Restaurant && 1.24 km', 'Mai Hua Takhe Market && 1.45 km', 'Krua Rabieng Nam Restaurant && 2.2 km', 'Ladkrabang Railway Station && 2.23 km', 'Airport Rail Link Ladkrabang && 2.24 km', 'Wat Latkrabang && 2.5 km']","['Terminal 21 Shopping Mall && 18.57 km', 'Central World && 20.96 km', 'Jim Thompson && 22.18 km', 'Yaowarat Road && 24.06 km', 'Wat Saket && 24.58 km', 'Asiatique - The Riverfront && 24.63 km', 'Khao San Road && 25.61 km', 'Wat Pho Temple && 25.95 km', 'Wat Phra Kaew && 26.08 km', 'Grand Palace && 26.13 km']"
63,69,Cubic Pratunam,"21/1 Soi Phethburi 13, Phethburi Road, Rachthewi,, Pratunam, Bangkok, Thailand, 10400",3.0,270 meters to public transportation &&Airport transfer &&Located in heart of Bangkok &&Free Wi-Fi in all rooms!&&,7.3,Very good,"['Phayathai Plaza && 170 m', 'Krung Thong Plaza && 200 m', 'Airport Rail Link Phayathai Station && 280 m', 'Express Tailor && 280 m', 'Suan Pakkad Palace && 280 m', 'Wang Suan Phakkat Palace && 310 m', 'Club Culture && 330 m', 'Phaya Thai BTS Station && 370 m', 'Pantip Plaza IT Mall && 430 m', 'Ratchathewi BTS Station && 450 m']","['Jim Thompson && 1.02 km', 'Central World && 1.02 km', 'Wat Saket && 3.17 km', 'Terminal 21 Shopping Mall && 3.24 km', 'Yaowarat Road && 3.25 km', 'Khao San Road && 4.15 km', 'Wat Pho Temple && 4.76 km', 'Wat Phra Kaew && 4.79 km', 'Grand Palace && 4.82 km', 'Asiatique - The Riverfront && 6.64 km']"
64,70,Ramada D’ma Bangkok Hotel,"1091/388 New Petchburi Road, Rajthevee, Pratunam, Bangkok, Thailand,                     ",4.0,570 meters to public transportation &&Airport transfer &&Located in heart of Bangkok &&Free Wi-Fi in all rooms!&&,7.5,Very good,"['Ravis Tailor && 300 m', 'Impressions Tailor && 430 m', 'Oasis Outdoor Arena and Creative Market && 430 m', 'Bangkok Doll Factory & Museum && 460 m', 'Palladium Square Shopping Mall && 490 m', ""Romeo & Juliet Tailor's House && 500 m"", ""Mister Singh's Fashion Gallery && 500 m"", 'Chit Lom Bridge Pier && 510 m', 'Lingam Shrine (Saan Jao Mae Thap Thim) && 550 m', 'Phyathai 1 Hospital && 560 m']","['Central World && 1.1 km', 'Jim Thompson && 1.99 km', 'Terminal 21 Shopping Mall && 2.3 km', 'Yaowarat Road && 4.2 km', 'Wat Saket && 4.29 km', 'Khao San Road && 5.27 km', 'Wat Pho Temple && 5.83 km', 'Wat Phra Kaew && 5.88 km', 'Grand Palace && 5.92 km', 'Asiatique - The Riverfront && 7.16 km']"
65,71,Theorie Hotel Sukhumvit 107,"4277, Sukhumvit 107 Rd., Samrong Nua, Bang Na, Bangkok, Thailand, 10270",3.5,Airport transfer &&Free Wi-Fi in all rooms!&&Blackout curtains&&Balcony/terrace&&,6.9,Good,"[""Lasalle's Avenue && 650 m"", 'Bangkok Patana International School && 1.02 km', 'Wat Sri Iam Temple && 1.92 km', 'St Andrews International School Sukhumvit Campus && 1.95 km', 'BITEC Bang Na && 1.99 km', 'Bearing BTS Station && 2.02 km', 'Manarom Hospital && 2.14 km', 'Berkeley International School && 2.19 km', 'Bang Na BTS Station && 2.23 km', 'Chulawet Hospital && 2.36 km']","['Terminal 21 Shopping Mall && 11.28 km', 'Central World && 13.39 km', 'Asiatique - The Riverfront && 13.67 km', 'Jim Thompson && 14.45 km', 'Yaowarat Road && 15.26 km', 'Wat Saket && 16.48 km', 'Wat Pho Temple && 17.1 km', 'Wat Phra Kaew && 17.4 km', 'Grand Palace && 17.48 km', 'Khao San Road && 17.53 km']"
66,72,The O-Zone Airport Inn,"1529/4 Latkrabang Road, Latkrabang, Bangkok, Suvarnabhumi Airport, Bangkok, Thailand, 10520",2.0,Free Wi-Fi in all rooms!&&Balcony/terrace&&Daily housekeeping&&Air conditioning&&,8.5,Excellent,"['Wat Plooksattha && 550 m', 'Wat Latkrabang && 1.32 km', 'Krua Rabieng Nam Restaurant && 1.5 km', 'Ladkrabang Railway Station && 1.81 km', 'Airport Rail Link Ladkrabang && 1.82 km', 'Lat Krabang Hospital && 2.1 km', 'Chaolanta Chaika Suvarnabhumi Restaurant && 2.53 km', 'Debsirin Romklao School && 2.72 km', 'Jarakaenoi Police station && 2.91 km', 'Wat Sangkaracha && 2.92 km']","['Terminal 21 Shopping Mall && 22.12 km', 'Central World && 24.48 km', 'Jim Thompson && 25.69 km', 'Yaowarat Road && 27.61 km', 'Wat Saket && 28.08 km', 'Asiatique - The Riverfront && 28.29 km', 'Khao San Road && 29.09 km', 'Wat Pho Temple && 29.49 km', 'Wat Phra Kaew && 29.61 km', 'Grand Palace && 29.66 km']"
67,73,Hope Land Hotel  Sukhumvit 46/1,"1110/5 Soi Sukhumvit 46/1 Sukhumvit R.,, Sukhumvit, Bangkok, Thailand, 10110",4.0,340 meters to public transportation &&Free Wi-Fi in all rooms!&&Hot tub &&Sauna&&,7.2,Very good,"['W Market && 190 m', 'Phra Khanong BTS Station && 340 m', 'HOF Art Space at W District && 340 m', 'Kluaynamthai Hospital && 600 m', 'Embassy of Nepal && 650 m', 'QiSS Mall && 690 m', 'Enlever Ses Vetements && 1.02 km', 'Wat That Thong && 1.02 km', 'Embassy of the Federal Republic of Nigeria && 1.07 km', 'Herrmann Suits && 1.08 km']","['Terminal 21 Shopping Mall && 4.44 km', 'Central World && 6.85 km', 'Jim Thompson && 8.06 km', 'Yaowarat Road && 9.51 km', 'Asiatique - The Riverfront && 9.74 km', 'Wat Saket && 10.37 km', 'Wat Pho Temple && 11.45 km', 'Khao San Road && 11.46 km', 'Wat Phra Kaew && 11.66 km', 'Grand Palace && 11.73 km']"
68,74,Grand China Hotel,"215 Yaowaraj Rd., Samphantawong, China Town, Bangkok, Thailand, 10100",4.0,Airport transfer &&Free Wi-Fi in all rooms!&&Hot tub&&Sauna&&,8.4,Excellent,"['Krung Thai Art Gallery && 40 m', 'Kuan Yim Shrine (Thian Fa Foundation) && 90 m', 'Sampeng - Accessories Market && 180 m', 'Wat Chakkrawat && 180 m', 'Lin Zhen Xiang - Titbits and Snacks && 290 m', 'Trok Itsaranuphap && 310 m', 'Sampeng Market && 340 m', 'Yaowarat Road && 380 m', 'Nakhon Kasem && 380 m', 'Klong Thom Market - Electrical Market && 410 m']","['Yaowarat Road && 380 m', 'Wat Saket && 1.25 km', 'Wat Pho Temple && 1.59 km', 'Wat Phra Kaew && 1.81 km', 'Grand Palace && 1.88 km', 'Khao San Road && 2.02 km', 'Jim Thompson && 2.42 km', 'Central World && 3.51 km', 'Asiatique - The Riverfront && 4.33 km', 'Terminal 21 Shopping Mall && 5.8 km']"
69,75,MA Hotel Bangkok,"412 Suriwong road., Bangrak, Silom, Bangkok, Thailand, 10500",4.0,800 meters to public transportation &&Airport transfer &&Free Wi-Fi in all rooms!&&Mini bar&&,7.1,Very good,"['SV Jewellery && 250 m', 'House Of Gems && 260 m', 'Bangkok Folk Museum && 270 m', 'General Post Office Bangrak && 280 m', 'Lin Silvercraft && 290 m', 'Main Post Office && 310 m', 'Bright Green Stone Co., Ltd && 330 m', 'OP Place Antique Shopping && 330 m', 'Cotton House && 340 m', 'A. Moda Tailor && 360 m']","['Yaowarat Road && 1.85 km', 'Jim Thompson && 2.8 km', 'Asiatique - The Riverfront && 2.92 km', 'Central World && 3.18 km', 'Wat Saket && 3.34 km', 'Wat Pho Temple && 3.56 km', 'Wat Phra Kaew && 3.88 km', 'Grand Palace && 3.95 km', 'Khao San Road && 4.23 km', 'Terminal 21 Shopping Mall && 4.75 km']"
70,76,Hotel Royal Bangkok China Town,"409-421/4 Yaowaraj Road (Chinatown) Sumpanthawong,, China Town, Bangkok, Thailand, 10100",4.0,680 meters to public transportation &&Airport transfer &&Free Wi-Fi in all rooms!&&Mini bar&&,8.8,Excellent,"['Yaowarat Road && 30 m', 'Lin Zhen Xiang - Titbits and Snacks && 120 m', 'Trok Itsaranuphap && 230 m', 'Chinatown - Bangkok && 290 m', 'Whitespace Gallery && 300 m', 'The Museum of Thai Red Cross Society && 300 m', 'Kuan Yim Shrine (Thian Fa Foundation) && 320 m', 'Sampeng - Accessories Market && 360 m', 'Wat Chakkrawat && 360 m', 'Hang Sura Lao Ngi Chun && 390 m']","['Yaowarat Road && 30 m', 'Wat Saket && 1.53 km', 'Wat Pho Temple && 1.97 km', 'Wat Phra Kaew && 2.21 km', 'Jim Thompson && 2.21 km', 'Grand Palace && 2.28 km', 'Khao San Road && 2.4 km', 'Central World && 3.22 km', 'Asiatique - The Riverfront && 4.12 km', 'Terminal 21 Shopping Mall && 5.46 km']"
71,77,My hotel CMYK @ Ratchada,"225/4 Pracharajbumpen soi5,Pracharajbumpen Rd., Huay Kwang, Ratchadaphisek, Bangkok, Thailand, 10310",3.0,270 meters to public transportation &&Free Wi-Fi in all rooms!&&Mini bar&&Daily housekeeping&&,8.1,Excellent,"['Huai Khwang MRT Station && 270 m', 'Mansion 7 Shopping Center && 700 m', 'Huay Kwang Night Bazaar && 730 m', 'Huay Kwang Stadium && 820 m', 'The Street && 1.03 km', 'CW Tower && 1.07 km', 'Siam Niramit && 1.11 km', 'Sutthisan MRT Station && 1.19 km', ""The Regent's International School && 1.23 km"", 'Embassy of the Republic of Korea && 1.3 km']","['Terminal 21 Shopping Mall && 4.91 km', 'Central World && 5.42 km', 'Jim Thompson && 6.12 km', 'Wat Saket && 7.99 km', 'Yaowarat Road && 8.35 km', 'Khao San Road && 8.74 km', 'Wat Phra Kaew && 9.64 km', 'Grand Palace && 9.66 km', 'Wat Pho Temple && 9.69 km', 'Asiatique - The Riverfront && 11.46 km']"
72,78,Louis Tavern Hotel,"79 Soi Vibhavadi-Rangsit 64, Vibhavadi-Rangsit Road, Don Muang, Don Mueang International Airport, Bangkok, Thailand, 10210",3.5,Free airport transfer &&Free Wi-Fi in all rooms!&&Room service [24-hour]&&Elevator&&,7.4,Very good,"['Nantapat Physical Therapy Clinic && 770 m', 'Chulabhorn Research Institute && 770 m', 'Consulate General of the Dominican Republic && 900 m', 'Pranakorn Rajabhat University && 980 m', 'Parso Driving range && 980 m', 'Thailand Post && 1.21 km', 'TOT Public Company Limited && 1.21 km', 'Asian Pacific Postal Union Bureau (APPU) && 1.21 km', 'Department of Consular Affairs && 1.21 km', 'Administrative Court && 1.21 km']","['Central World && 15 km', 'Jim Thompson && 15.06 km', 'Terminal 21 Shopping Mall && 15.39 km', 'Wat Saket && 15.65 km', 'Khao San Road && 15.74 km', 'Yaowarat Road && 16.79 km', 'Grand Palace && 16.87 km', 'Wat Phra Kaew && 16.89 km', 'Wat Pho Temple && 17.16 km', 'Asiatique - The Riverfront && 20.75 km']"
73,79,The Royal City Hotel,"800 Borom Ratchonni Road, Bangplad, Thonburi, Bangkok, Thailand, 10700",4.0,470 meters to public transportation &&Sauna&&Steamroom&&Mini bar&&,7.3,Very good,"['Southern Bus Terminal && 470 m', 'Changchui && 640 m', 'Central Plaza Pinklao && 770 m', 'Central Pinklao Shopping Complex && 780 m', 'Public Health Center Wat Chao Arm && 1.15 km', 'Taling Chan Floating Market && 1.63 km', 'Wat Chao Am Temple && 1.64 km', 'Thewphaingarm School && 2.59 km', 'Royal Barges National Museum && 2.74 km', 'Wat Thepnari && 2.83 km']","['Khao San Road && 3.91 km', 'Grand Palace && 4.24 km', 'Wat Phra Kaew && 4.31 km', 'Wat Pho Temple && 4.69 km', 'Wat Saket && 4.96 km', 'Yaowarat Road && 6.26 km', 'Jim Thompson && 7.14 km', 'Central World && 8.34 km', 'Asiatique - The Riverfront && 9.49 km', 'Terminal 21 Shopping Mall && 10.78 km']"
74,81,Bangkok Midtown Hotel,"888 Rama VI Road, Thung Phaya Thai, Ratchathewi, Siam, Bangkok, Thailand, 10400",4.0,Free Wi-Fi in all rooms!&&Daily housekeeping&&Elevator&&Air conditioning&&,7.7,Very good,"['The Sportsman && 240 m', 'Wat Phakhineenad Voravihara && 250 m', 'Wat Borwora Mongkol && 250 m', 'Tang Hua Seng && 250 m', 'Wat Karuhabodee && 250 m', 'King Rama 8 Bridge Park && 250 m', 'Eye Ear Nose Throat Hospital && 250 m', 'Pata deparment store && 250 m', 'Major Cineplex Pin Klao && 250 m', 'Power Gym && 250 m']","['Jim Thompson && 1.06 km', 'Wat Saket && 1.85 km', 'Central World && 2.14 km', 'Yaowarat Road && 2.39 km', 'Khao San Road && 2.76 km', 'Wat Phra Kaew && 3.5 km', 'Grand Palace && 3.52 km', 'Wat Pho Temple && 3.53 km', 'Terminal 21 Shopping Mall && 4.57 km', 'Asiatique - The Riverfront && 6.33 km']"
75,82,Centra by Centara Government Complex Hotel & Convention Centre Chaeng Watthana,"120 Mu 3 Convention Centre Building, Chaengwattana Road, Laksi, Don Mueang International Airport, Bangkok, Thailand, 10210",4.0,Daily housekeeping&&Garden&&Bar&&Elevator&&,7.3,Very good,"['Ámantee && 320 m', 'Government Complex && 820 m', 'Parso Driving range && 1.18 km', 'Thailand Post && 1.83 km', 'TOT Public Company Limited && 1.83 km', 'Asian Pacific Postal Union Bureau (APPU) && 1.83 km', 'Department of Consular Affairs && 1.83 km', 'Administrative Court && 1.83 km', 'Immigration 1 Division && 1.83 km', 'Provincial Waterworks Authority && 1.94 km']","['Jim Thompson && 15.54 km', 'Central World && 15.65 km', 'Khao San Road && 15.74 km', 'Wat Saket && 15.81 km', 'Terminal 21 Shopping Mall && 16.34 km', 'Grand Palace && 16.85 km', 'Wat Phra Kaew && 16.89 km', 'Yaowarat Road && 17.07 km', 'Wat Pho Temple && 17.19 km', 'Asiatique - The Riverfront && 21.13 km']"
76,83,The Sunreno Serviced Apartment,"341 Charoenkrung Rd. 91/1 , Sathorn, Bangkok, Thailand, 10120",4.0,Airport transfer &&Free Wi-Fi in all rooms!&&Blackout curtains&&Balcony/terrace&&,8.9,Excellent,"['Calypso Cabaret && 170 m', 'Asiatique - The Riverfront && 180 m', 'Wat Rajsingkorn Pier && 270 m', 'Wat Worachanyawas Pier && 550 m', 'Watermark Chao Phraya && 710 m', 'Shrewsbury International School && 760 m', 'Wat Sawetachat Pier && 940 m', 'Bob Botique && 1.06 km', 'Wat Chanyawat && 1.13 km', 'Benihana Restaurant && 1.39 km']","['Asiatique - The Riverfront && 180 m', 'Yaowarat Road && 4.04 km', 'Wat Pho Temple && 4.85 km', 'Wat Phra Kaew && 5.25 km', 'Grand Palace && 5.32 km', 'Wat Saket && 5.5 km', 'Jim Thompson && 5.57 km', 'Central World && 5.9 km', 'Khao San Road && 6.07 km', 'Terminal 21 Shopping Mall && 7.02 km']"
77,84,Sathorn Grace Serviced Residence,"81/1 Soi sathorn 11 (Saint Louis Soi 3), South Sathorn Road, Yannawa, Sathorn District, Bangkok, Sathorn, Bangkok, Thailand, 10120",4.0,720 meters to public transportation &&Airport transfer &&Free Wi-Fi in all rooms!&&Hot tub&&,7.1,Very good,"['Saint Louis Hospital && 400 m', 'Bank Of Asia && 410 m', 'Robot Building && 460 m', 'St. Louis Hospital && 460 m', 'Bang Rak Hospital && 470 m', 'St. Louis Church && 490 m', 'Healthland Spa & Massage && 500 m', 'Bambi Garden-Sathorn && 510 m', 'Plan Creations && 570 m', 'Embassy of the Kingdom of Belgium && 610 m']","['Asiatique - The Riverfront && 2.97 km', 'Yaowarat Road && 3.28 km', 'Central World && 3.48 km', 'Jim Thompson && 3.61 km', 'Terminal 21 Shopping Mall && 4.24 km', 'Wat Saket && 4.71 km', 'Wat Pho Temple && 5.01 km', 'Wat Phra Kaew && 5.33 km', 'Grand Palace && 5.41 km', 'Khao San Road && 5.66 km']"
78,85,B-your home Hotel Donmueang Airport Bangkok,"22 Soi Saranakhom 3, Songprapa Rd., Seegun, Don Mueang, Bangkok, Don Mueang International Airport, Bangkok, Thailand, 10210",3.0,Free airport transfer &&Free Wi-Fi in all rooms!&&Balcony/terrace&&Mini bar&&,7.5,Very good,"['Wat Don Mueang- Phra Arramluang && 820 m', 'Don Mueang International Airport && 980 m', 'Harrow International School && 2.52 km', 'Tesco Lotus Chaeng Wattana && 3.29 km', 'The Avenue Chaengwattana && 3.29 km', 'Mongkut Wattana Hospital && 3.29 km', 'Wat Lak Si && 3.29 km', 'Big C Chaeng Wattana && 3.3 km', 'IT Square && 3.3 km', 'Wat Pho Thong Bon && 3.9 km']","['Central World && 21 km', 'Jim Thompson && 21.03 km', 'Terminal 21 Shopping Mall && 21.37 km', 'Khao San Road && 21.47 km', 'Wat Saket && 21.48 km', 'Grand Palace && 22.59 km', 'Wat Phra Kaew && 22.62 km', 'Yaowarat Road && 22.69 km', 'Wat Pho Temple && 22.91 km', 'Asiatique - The Riverfront && 26.69 km']"
79,86,RetrOasis Hotel,"503 Sukhumvit Rd. (Between Soi Sukhumvit 27-29) Klongtoey Nue Wattana, Sukhumvit, Bangkok, Thailand, 10110",3.5,540 meters to public transportation &&Located in heart of Bangkok &&Free Wi-Fi in all rooms!&&Daily housekeeping&&,8.2,Excellent,"['Jass Fashions && 10 m', 'De Fabiano Bespoke Tailors && 60 m', 'Damanino Bespoke && 70 m', ""Stylo's Collection && 90 m"", 'Adorable Mine Shop && 130 m', 'Samadha Thai Pants && 130 m', 'Exchange Tower && 180 m', 'Divana Massage and Spa && 190 m', 'Dptailors && 220 m', 'Villa Market Sukhumvit && 250 m']","['Terminal 21 Shopping Mall && 590 m', 'Central World && 3.03 km', 'Jim Thompson && 4.26 km', 'Yaowarat Road && 5.98 km', 'Wat Saket && 6.64 km', 'Asiatique - The Riverfront && 7.42 km', 'Khao San Road && 7.71 km', 'Wat Pho Temple && 7.89 km', 'Wat Phra Kaew && 8.05 km', 'Grand Palace && 8.1 km']"
80,87,The Euro Grande Hotel,"249, Sukhumvit Soi 31, Khlongtan Nuea,Watthana, Bangkok, Sukhumvit, Bangkok, Thailand, 10110",3.5,580 meters to public transportation &&Located in heart of Bangkok &&Free Wi-Fi in all rooms!&&Daily housekeeping&&,6.7,Good,"['Asia Herb Association - Sawatdee shop && 130 m', 'Rasi Sayam && 140 m', 'Narcissus && 190 m', 'Nandakwang && 270 m', 'Oasis Spa Bangkok && 360 m', 'L’arcadia && 410 m', 'Divana Massage and Spa && 420 m', 'Almeta && 420 m', 'Jass Fashions && 460 m', 'Villa Market Sukhumvit && 470 m']","['Terminal 21 Shopping Mall && 680 m', 'Central World && 3.1 km', 'Jim Thompson && 4.33 km', 'Yaowarat Road && 6.17 km', 'Wat Saket && 6.73 km', 'Khao San Road && 7.79 km', 'Asiatique - The Riverfront && 7.81 km', 'Wat Pho Temple && 8.05 km', 'Wat Phra Kaew && 8.19 km', 'Grand Palace && 8.24 km']"
