,hid,hname,hlocation,hstars,hratings,hnearby,hfacilities,hcheckin,hcheckout
0,0,Issara by D Hostel,"125 Fuang Nakhon Road, Phranakhon, 10200 Bangkok, Thailand",,9.2,Thai Chamber of commerce 0.2 km; Wat Ratchapradit 0.3 km; Sala Chalermkrung Royal Theatre 0.3 km; The Old Siam Plaza 0.4 km; Wat Suthat and the Giant Swing 0.4 km; Wat Pho 0.6 km; Temple of the Emerald Buddha 0.6 km; Bangkok City Pillar 0.6 km; Museum of Siam 0.6 km; Grand Palace 0.7 km; Old Town Coffee 0.2 km; 7/11 0.2 km; Local Morning Market 0.3 km; The old siam plaza  0.5 km; Krua AupSorn 0.8 km; Sorn Dang 0.9 km; Chao Phraya River 1 km; Don Muang Airport 22.2 km; Suvarnabhumi Airport 28 km; Temple of the Golden Mount 1.1 km; Khao San Road 1.2 km; Bangkok National Museum 1.2 km; Wat Arun 1.2 km; Dusit Palace 3.1 km; MBK Shopping Mall 3.5 km; Bangkok Art & Culture Centre 3.5 km; SEA LIFE Bangkok Ocean World 4 km; Siam Discovery 4.2 km; Central Embassy 5.2 km; ,Non-smoking rooms; WiFi in all areas; Free WiFi; Restaurant; 24-hour front desk; Wonderful Breakfast,"
Wednesday, February 20, 2019
","
Thursday, February 21, 2019
"
0,1,Solo Express Sukhumvit 81,"120 Soi Sukhumvit 81, Phra Khanong , 10260 Bangkok, Thailand",3-star hotel,7.9,BTS-On Nut 0.5 km; BTS-Bang Chak 1.1 km; W District's Market 1.5 km; BTS-Phra Khanong 1.8 km; BTS - Punnawithi 1.9 km; Sukhumvit Hospital 2.4 km; Gateway Ekamai 2.6 km; Bangkok University International College 2.6 km; BTS-Ekkamai 2.7 km; Ekkamai Eastern Bus Terminal 2.7 km; Wcafe Bangkok Sukhumvit 81 0.2 km; Suvarnabhumi Airport 15.8 km; Don Muang Airport 23.8 km; Arab Street 6.9 km; Lumpini Park 7.4 km; Central Embassy 7.7 km; Amarin Plaza 8.1 km; Gaysorn Shopping Mall 8.2 km; MBK Shopping Mall 9.2 km; Mega Bangna 10.3 km; Temple of the Golden Mount 11.9 km; Grand Palace 13.2 km; Wat Arun 13.3 km; ,Non-smoking rooms; Family rooms; Free parking; WiFi in all areas; Facilities for disabled guests; Free WiFi; Breakfast,"Wednesday, February 20, 2019","Thursday, February 21, 2019"
0,2,Grand Business Inn,"2/4, 2/11 Sukhumvit 11, Sukhumvit Road, Wattana, Wattana, 10110 Bangkok, Thailand",,8.0,BTS-Nana 0.1 km; Embassy of Sweden 0.2 km; Sukhumvit Soi 11 0.2 km; Wattana Church 0.2 km; Korean Town 0.3 km; Soi Nana 0.4 km; Arab Street 0.4 km; Health Land Asoke 0.5 km; Krungthai Bank Head Office 0.5 km; Terminal 21 0.5 km; 7-11 0.1 km; Don Muang Airport 20.6 km; Suvarnabhumi Airport 21.6 km; Central Embassy 1.2 km; Amarin Plaza 1.7 km; Gaysorn Shopping Mall 1.8 km; Lumpini Park 1.9 km; SEA LIFE Bangkok Ocean World 2.4 km; MBK Shopping Mall 2.9 km; Temple of the Golden Mount 5.6 km; Grand Palace 7.1 km; Wat Arun 7.4 km; Mega Bangna 16.9 km; ,Non-smoking rooms; Free WiFi; Restaurant; 24-hour front desk; Room service,"Wednesday, February 20, 2019","Thursday, February 21, 2019"
0,3,Anantara Baan Rajprasong Bangkok Serviced Suites,"3 Soi Mahardlekluang 3, Rajdamri Road, Lumpini,, Pathumwan, 10330 Bangkok, Thailand",5 stars,8.9,"BTS-Rachadamri 0.1 km; CIMB Thai Bank Head Office 0.3 km; Royal Bangkok Sports Club 0.4 km; Amarin Plaza 0.6 km; Police General Hospital 0.6 km; Erawan Shrine 0.6 km; Embassy of the Kingdom of the Netherlands, Bangkok 0.6 km; Embassy of the United States of America, Bangkok 0.6 km; BTS-Chit Lom 0.6 km; Royal Thai Police Headquarters 0.7 km; Villa Market 0 km; Don Muang Airport 21.3 km; Suvarnabhumi Airport 23.3 km; Gaysorn Shopping Mall 0.7 km; Central Embassy 0.9 km; Lumpini Park 0.9 km; SEA LIFE Bangkok Ocean World 1 km; MBK Shopping Mall 1.3 km; Bangkok Art & Culture Centre 1.4 km; Temple of the Golden Mount 4 km; Grand Palace 5.4 km; Wat Arun 5.7 km; Mega Bangna 18.2 km; ",Swimming pool; Outdoor pool; Airport shuttle; Non-smoking rooms; excellent Fitness Center; Spa,"
Wednesday, February 20, 2019
","
Thursday, February 21, 2019
"
0,4,De Lavender Bangkok Hotel,"122/73, Ratchaprarop Rd, Phaya Thai Rd., Pratunam, Pathumwan, 10400 Bangkok, Thailand",3-star hotel,6.8,Baiyoke Sky Tower 0.1 km; Shibuya 19 0.1 km; Phyathai 1 Hospital 0.2 km; Ratchaprarop Station 0.3 km; Wholesale Market (Pratunam) 0.3 km; Suan Pakkad Palace Museum 0.3 km; Platinum Fashion Mall 0.4 km; Pantip Plaza 0.5 km; Phaya Thai Station 0.5 km; King Power Complex 0.6 km; ใบหยก 0.1 km; อินทรามาร์เกต 0.1 km; platinum fashion mall 0.5 km; central world 0.8 km; Pratunam market 0.1 km; Neon Night Market 0.5 km; Big C Supermarket 1.1 km; กวงทะเลเผา 1.2 km; ปลาทอง หมูกระทะ 1.7 km; แม่น้ำเจ้าพระยา 7 km; Don Muang Airport 19.7 km; Suvarnabhumi Airport 23.8 km; The Platinum fashion mall Mall; Gaysorn Shopping Mall 1.1 km; SEA LIFE Bangkok Ocean World 1.1 km; Amarin Plaza 1.2 km; Bangkok Art & Culture Centre 1.3 km; Central Embassy 1.4 km; MBK Shopping Mall 1.6 km; Siam Discovery 1.8 km; Temple of the Golden Mount 3.5 km; Grand Palace 5.2 km; Wat Arun 5.6 km; ,Airport shuttle; Non-smoking rooms; Spa; Family rooms; WiFi in all areas; Room service,"Wednesday, February 20, 2019","Thursday, February 21, 2019"
0,5,Le Meridien Bangkok,"40/5 Surawong Road, Silom, Bang Rak, 10500 Bangkok, Thailand",5-star hotel,9.0,Patpong 0.2 km; Bangkok Christian Hospital 0.2 km; Silom Nightlife Area 0.3 km; MRT-Sam Yan 0.3 km; Wat Hua Lamphong 0.3 km; Chamchuri Square 0.3 km; Snake Farm-Queen Saovabha Memorial Institute 0.3 km; Embassy of the Russian Federation 0.4 km; Bangkok Bank Head Office 0.4 km; BTS-Sala Daeng 0.4 km; Family Mart Convenience store 0 km; 7-11 Convenience store 0 km; Pat Pong Night Market 0.1 km; Starbucks Coffee 0.1 km; Ruen Urai Thai Restaurant 0.1 km; Mango Tree Thai Restaurant 0.2 km; Food Land Supermarket 0.2 km; D.J.Station 0.4 km; Somboon Potchana Seafood Restaurant 0.5 km; Molly Malone's Irish Pub 0.8 km; Chao Phraya River 2 km; Don Muang Airport 22.6 km; Suvarnabhumi Airport 24.1 km; Silom Complex Department Store; Lumpini Park 1.2 km; MBK Shopping Mall 1.5 km; SEA LIFE Bangkok Ocean World 1.8 km; Bangkok Art & Culture Centre 1.9 km; Amarin Plaza 1.9 km; Central Embassy 2.3 km; Temple of the Golden Mount 3.7 km; Grand Palace 4.8 km; Wat Arun 4.8 km; Mega Bangna 18.5 km; ,Swimming pool; Outdoor pool; Airport shuttle; Non-smoking rooms; very good Fitness Center; Spa; Tea/Coffee Maker in All Rooms; Bar; Excellent Breakfast,"
Wednesday, February 20, 2019
","
Thursday, February 21, 2019
"
0,6,The Emerald Hotel,"99/1 Rachadapisek Road, Huai Khwang, Din Daeng, 10400 Bangkok, Thailand",4-star hotel,7.8,Bangkok International Dental Center 0.3 km; MRT-Huai Khwang 0.4 km; Embassy of the Republic of Korea 0.9 km; Thailand Cultural Center 1 km; Siam Niramit 1 km; The Esplanade Bangkok 1 km; MRT-Thailand Cultural Center 1.1 km; University of the Thai Chamber of Commerce 1.4 km; The Embassy of The People's Republic of China 1.5 km; Ratchada Nightlife Area 1.6 km; Kuang Seafood 0.4 km; Somboon Seafood 0.4 km; Huay Kwang Street Food 0.4 km; The Street Ratchada 0.6 km; Sote Club 1.7 km; Jatujak Weekend Market 7 km; Don Muang Airport 16.5 km; Suvarnabhumi Airport 21.2 km; Chatuchak Weekend Market 3.8 km; Arab Street 4.2 km; Central Embassy 4.5 km; Siam Discovery 4.6 km; Gaysorn Shopping Mall 4.8 km; MBK Shopping Mall 5.9 km; Temple of the Golden Mount 7.6 km; Grand Palace 9.2 km; Wat Arun 9.8 km; Mega Bangna 18.3 km; ,Swimming pool; Outdoor pool; Non-smoking rooms; Fitness center; Spa; Free parking; Bar; Good Breakfast,"
Wednesday, February 20, 2019
","
Thursday, February 21, 2019
"
0,7,Best Western Premier Sukhumvit,"78 Sukhumvit Soi 1, Klongtoey Nua, Bangkok, Wattana, 10110 Bangkok, Thailand",4-star hotel,8.2,"Bumrungrad International Hospital 0.1 km; Krungthai Bank Head Office 0.4 km; BTS - Phloen Chit 0.5 km; Arab Street 0.5 km; Embassy of the United Kingdom, Bangkok 0.6 km; Central Embassy 0.6 km; Deutsche Bank Bangkok 0.7 km; Soi Nana 0.7 km; Sukhumvit Soi 11 0.7 km; Embassy of Sweden 0.8 km; 7-11 0 km; Hyde and Seek gastro bar 0.8 km; Central Embrassy 1 km; Siam Paragon 2 km; Terminal 21 2.5 km; Soi Cowboy 2.5 km; Don Muang Airport 20.1 km; Suvarnabhumi Airport 22.3 km; Amarin Plaza 1.2 km; Gaysorn Shopping Mall 1.2 km; SEA LIFE Bangkok Ocean World 1.8 km; Lumpini Park 2 km; Bangkok Art & Culture Centre 2.3 km; MBK Shopping Mall 2.4 km; Temple of the Golden Mount 4.9 km; Grand Palace 6.5 km; Wat Arun 6.8 km; Mega Bangna 17.7 km; ",Swimming pool; Outdoor pool; Non-smoking rooms; Fitness center; Free parking; WiFi in all areas; Bar; Breakfast,"Wednesday, February 20, 2019","Thursday, February 21, 2019"
0,8,Holiday Inn Express Bangkok Sukhumvit 11,"30 Sukhumvit Soi 11, Klongtoey-Nua, Wattana, Wattana, 10110 Bangkok, Thailand",3-star hotel,7.9,Sukhumvit Soi 11 0.3 km; Arab Street 0.5 km; Bumrungrad International Hospital 0.5 km; BTS-Nana 0.5 km; Embassy of Sweden 0.6 km; Krungthai Bank Head Office 0.6 km; Health Land Asoke 0.6 km; Wattana Church 0.6 km; Soi Nana 0.6 km; Korean Town 0.7 km; Oskar Bistro 0 km; Don Muang Airport 20.1 km; Suvarnabhumi Airport 21.7 km; Central Embassy 1.2 km; Amarin Plaza 1.7 km; Gaysorn Shopping Mall 1.8 km; Lumpini Park 2.2 km; SEA LIFE Bangkok Ocean World 2.4 km; MBK Shopping Mall 3 km; Temple of the Golden Mount 5.5 km; Grand Palace 7.1 km; Wat Arun 7.4 km; Mega Bangna 17.1 km; ,Non-smoking rooms; Fitness center; Family rooms; Free parking; WiFi in all areas; Facilities for disabled guests; Breakfast,"Wednesday, February 20, 2019","Thursday, February 21, 2019"
0,9,Kc Place Hotel Pratunam,"178/35 Rachaparop Soi 5, Rachaparop Road, Pathumwan, 10400 Bangkok, Thailand",3-star hotel,7.9,Ratchaprarop Station 0.1 km; Baiyoke Sky Tower 0.1 km; Wholesale Market (Pratunam) 0.3 km; Phyathai 1 Hospital 0.3 km; Shibuya 19 0.4 km; Suan Pakkad Palace Museum 0.5 km; Platinum Fashion Mall 0.6 km; Pantip Plaza 0.6 km; King Power Complex 0.7 km; Aksra Theatre 0.7 km; KC Place Restaurant 0 km; 7 Eleven 0.1 km; PRatunam 0.1 km; Don Muang Airport 19.6 km; Suvarnabhumi Airport 23.6 km; Gaysorn Shopping Mall 1.1 km; SEA LIFE Bangkok Ocean World 1.2 km; Amarin Plaza 1.2 km; Central Embassy 1.3 km; Bangkok Art & Culture Centre 1.5 km; MBK Shopping Mall 1.8 km; Siam Discovery 1.9 km; Temple of the Golden Mount 3.7 km; Grand Palace 5.4 km; Wat Arun 5.8 km; ,Non-smoking rooms; Family rooms; Free WiFi; 24-hour front desk; Room service,"Wednesday, February 20, 2019","Thursday, February 21, 2019"
0,10,Ibis Bangkok Sukhumvit 4,"41 Sukhumvit Road, Soi 4, Klongtoey, Khlong Toei, 10110 Bangkok, Thailand",3-star hotel,7.5,Wattana Church 0.2 km; Soi Nana 0.3 km; Embassy of Sweden 0.3 km; BTS-Nana 0.4 km; Arab Street 0.5 km; Korean Town 0.5 km; Krungthai Bank Head Office 0.6 km; Sukhumvit Soi 11 0.6 km; Embassy of the United Arab Emirates 0.6 km; Deutsche Bank Bangkok 0.6 km; Terminal 21 1.5 km; THE EMPORIUM 2.4 km; CENTRAL CHIDLOM 2.9 km; CENTRAL WORLD 3 km; Don Muang Airport 21 km; Suvarnabhumi Airport 21.9 km; Central Embassy 1 km; Amarin Plaza 1.4 km; Lumpini Park 1.4 km; Gaysorn Shopping Mall 1.6 km; SEA LIFE Bangkok Ocean World 2.1 km; MBK Shopping Mall 2.6 km; Temple of the Golden Mount 5.3 km; Grand Palace 6.8 km; Wat Arun 7 km; Mega Bangna 17 km; ,Non-smoking rooms; Free parking; Pet friendly; Facilities for disabled guests; Free WiFi; Tea/Coffee Maker in All Rooms; Bar; Breakfast,"
Wednesday, February 20, 2019
","
Thursday, February 21, 2019
"
0,11,Park Saladaeng,"35/2 Soi Yommarat, Saladaeng, Silom, Bangrak, Bang Rak, 10500 Bangkok, Thailand",3 stars,8.7,"MRT-Silom 0.3 km; Silom Complex 0.4 km; Australian Embassy 0.4 km; Silom Soi 2 0.4 km; Silom Soi 4 0.4 km; BNH Hospital 0.4 km; Moon Bar Bangkok 0.4 km; BTS-Sala Daeng 0.4 km; Embassy of Germany, Bangkok 0.5 km; King Chulalongkorn Memorial Hospital 0.6 km; Fatboy Sushi 0 km; Sumtumder Restaurant 0.3 km; Central Silom Complex 0.6 km; Patpong Night Market 1.2 km; Don Muang Airport 22.6 km; Suvarnabhumi Airport 23.3 km; Silom Complex Department Store; Lumpini Park 0.6 km; Amarin Plaza 1.9 km; Gaysorn Shopping Mall 2 km; MBK Shopping Mall 2.1 km; Central Embassy 2.1 km; SEA LIFE Bangkok Ocean World 2.1 km; Temple of the Golden Mount 4.5 km; Grand Palace 5.6 km; Wat Arun 5.7 km; Mega Bangna 17.7 km; ",Non-smoking rooms; Free WiFi; Terrace; Air conditioning; Daily housekeeping; Tea/Coffee Maker in All Rooms,"
Wednesday, February 20, 2019
","
Thursday, February 21, 2019
"
0,12,Woraburi Sukhumvit Hotel,"128/1 Sukhumvit Soi 4, Klongtoey, Khlong Toei, 10110 Bangkok, Thailand",3-star hotel,7.2,"Wattana Church 0.5 km; Soi Nana 0.6 km; Embassy of Sweden 0.6 km; BTS-Nana 0.6 km; Korean Town 0.6 km; Embassy of the United Arab Emirates 0.7 km; Arab Street 0.7 km; Deutsche Bank Bangkok 0.8 km; BTS-Asok 0.8 km; Embassy of the United States of America, Bangkok 0.8 km; Cabbages & Condoms Restaurant 1.4 km; Don Muang Airport 21.2 km; Suvarnabhumi Airport 21.9 km; Central Embassy 1.2 km; Lumpini Park 1.3 km; Amarin Plaza 1.6 km; Gaysorn Shopping Mall 1.7 km; SEA LIFE Bangkok Ocean World 2.2 km; MBK Shopping Mall 2.7 km; Temple of the Golden Mount 5.4 km; Grand Palace 6.8 km; Wat Arun 7 km; Mega Bangna 16.8 km; ",Swimming pool; Outdoor pool; Non-smoking rooms; Free parking; WiFi in all areas; Bar; Breakfast,"Wednesday, February 20, 2019","Thursday, February 21, 2019"
0,13,ibis Bangkok Sathorn,"Soi Ngam Duphli Rama IV, Sathorn, 10120 Bangkok, Thailand",3-star hotel,7.8,"Goethe-Institute Thailand 0.3 km; MRT-Lumphini 0.5 km; Embassy of Germany, Bangkok 0.6 km; Alliance Francaise Bangkok 0.7 km; Moon Bar Bangkok 0.8 km; MRT-Khlong Toei 0.8 km; Australian Embassy 1 km; Lumpini Park 1.1 km; BNH Hospital 1.3 km; MRT-Silom 1.3 km; Central Chidlom 0.4 km; VERTIGO BAR 0.8 km; SIROCCO BAR 4 km; Suvarnabhumi Airport 22.3 km; Don Muang Airport 22.9 km; Arab Street 2.4 km; Central Embassy 2.5 km; Amarin Plaza 2.5 km; Gaysorn Shopping Mall 2.7 km; SEA LIFE Bangkok Ocean World 2.9 km; MBK Shopping Mall 3 km; Temple of the Golden Mount 5.6 km; Grand Palace 6.7 km; Wat Arun 6.7 km; Mega Bangna 16.6 km; ",Airport shuttle; Non-smoking rooms; Free parking; Pet friendly; Facilities for disabled guests; Tea/Coffee Maker in All Rooms; Bar; Good Breakfast,"
Wednesday, February 20, 2019
","
Thursday, February 21, 2019
"
0,14,The Step Sathon,"87, South Sathorn Road, Yannawa, Sathorn, Bangkok, 10120, Sathorn, 10120 Bangkok, Thailand",,7.9,"BTS-Surasak 0.1 km; Lerdsin Hospital 0.5 km; Sky Bar at Lebua 0.5 km; Health Land Sathorn 0.7 km; Sri Mariamman Temple (Wat Khaek) 0.7 km; BTS-Saphan Taksin 0.7 km; Sathorn Pier 0.9 km; Wat Yannawa 0.9 km; Oriental Pier 1 km; Embassy of France, Bangkok 1 km; Convenient store 0.1 km; Blue Elephant  0.1 km; Bangrak Market 1 km; Sky Bar at Lebua 1.5 km; Don Muang Airport 24.1 km; Suvarnabhumi Airport 25 km; Lumpini Park 2.7 km; MBK Shopping Mall 3 km; Bangkok Art & Culture Centre 3.3 km; SEA LIFE Bangkok Ocean World 3.4 km; Amarin Plaza 3.6 km; Gaysorn Shopping Mall 3.7 km; Central Embassy 4 km; Temple of the Golden Mount 4.2 km; Wat Arun 4.5 km; Grand Palace 4.7 km; ",Non-smoking rooms; WiFi in all areas; Free WiFi; Restaurant; 24-hour front desk; Tea/Coffee Maker in All Rooms; Bar; Breakfast,"Wednesday, February 20, 2019","Thursday, February 21, 2019"
0,15,The Travellers Hotel,"255/19 Ratchadapisek Road, Din Daeng, 10320 Bangkok, Thailand",3-star hotel,8.3,MRT-Ratchadapisek 0.2 km; MRT-Sutthisan 0.8 km; Lat Phrao MRT Station 1.1 km; Jaisamarn Church 1.6 km; Thai Airways Head Office 1.6 km; Bangkok Airways Head Office 1.9 km; MRT-Huai Khwang 2.1 km; Phahon Yothin MRT Station 2.3 km; BTS-Mo Chit 2.3 km; Chatuchak Park MRT Station 2.4 km; 7-Eleven 0.2 km; ละเลียด เค้ก คาเฟ่  (Laliette Cake Cafe) 0.5 km; HuayKwang night market 2.1 km; Muang Thai Phatra Maerket 2.6 km; Train Night Market Ratchada 4.3 km;  Esplanade Cineplex Ratchadaphisek 5.4 km; Central Rama9 6 km; Don Muang Airport 14 km; Suvarnabhumi Airport 22.3 km; Chatuchak Weekend Market 2.6 km; Central Plaza Ladprao 2.8 km; Central Festival EastVille 4.5 km; Siam Discovery 5.7 km; Arab Street 6.5 km; Central Embassy 6.6 km; MBK Shopping Mall 7.7 km; Temple of the Golden Mount 8.7 km; Grand Palace 10.3 km; Wat Arun 11 km; ,"Airport shuttle; Non-smoking rooms; Fitness center; (closed Jan 23 to Dec 31, 2019); Free parking; WiFi in all areas; Good Breakfast","
Wednesday, February 20, 2019
","
Thursday, February 21, 2019
"
0,16,PR Place Hotel,"120/1 Ratchaprarop Rd. (In front of Soi Ratchaprrarop 5) Ratchathewi, Pathumwan, 10400 Bangkok, Thailand",,8.1,Ratchaprarop Station 0.1 km; Baiyoke Sky Tower 0.2 km; Wholesale Market (Pratunam) 0.3 km; Phyathai 1 Hospital 0.4 km; Shibuya 19 0.4 km; Suan Pakkad Palace Museum 0.6 km; Platinum Fashion Mall 0.6 km; Pantip Plaza 0.6 km; King Power Complex 0.7 km; Aksra Theatre 0.8 km; Pratunam 0.2 km; Don Muang Airport 19.6 km; Suvarnabhumi Airport 23.6 km; The Platinum fashion mall Mall; Gaysorn Shopping Mall 1 km; Amarin Plaza 1.2 km; SEA LIFE Bangkok Ocean World 1.2 km; Central Embassy 1.2 km; Bangkok Art & Culture Centre 1.5 km; MBK Shopping Mall 1.8 km; Arab Street 1.8 km; Temple of the Golden Mount 3.8 km; Grand Palace 5.4 km; Wat Arun 5.9 km; ,Non-smoking rooms; Family rooms; Free WiFi; Terrace; Air conditioning,"
Wednesday, February 20, 2019
","
Thursday, February 21, 2019
"
0,17,Adelphi Suites Bangkok,"6 Sukhumvit Soi 8, Khlong Toei, 10110 Bangkok, Thailand",4-star hotel,9.0,"Wattana Church 0.2 km; BTS-Nana 0.2 km; Embassy of Sweden 0.2 km; Korean Town 0.2 km; Soi Nana 0.4 km; Sukhumvit Soi 11 0.4 km; Arab Street 0.5 km; Terminal 21 0.5 km; BTS-Asok 0.5 km; Health Land Asoke 0.6 km; Monsoon Restaurant 0 km; India Today 0.1 km; Villa Market 0.2 km; 7- Eleven 0.2 km; Rosabieng Thai Restaurant 0.3 km; Robinson Department Store 0.5 km; Don Muang Airport 20.8 km; Suvarnabhumi Airport 21.7 km; Terminal 21 Popular brands like: H&M, Nike; Central Embassy 1.2 km; Amarin Plaza 1.7 km; Lumpini Park 1.7 km; Gaysorn Shopping Mall 1.8 km; SEA LIFE Bangkok Ocean World 2.4 km; MBK Shopping Mall 2.9 km; Temple of the Golden Mount 5.6 km; Grand Palace 7 km; Wat Arun 7.3 km; Mega Bangna 16.8 km; ",Swimming pool; Outdoor pool; Non-smoking rooms; good Fitness Center; Free parking; WiFi in all areas; Bar; Very Good Breakfast,"
Wednesday, February 20, 2019
","
Thursday, February 21, 2019
"
0,18,The Dawin Nana,"35/1-2 Sukhumvit Road, Soi Nanatai (4), Khlong Toei, 10110 Bangkok, Thailand",3-star hotel,8.5,Wattana Church 0.2 km; Soi Nana 0.3 km; Embassy of Sweden 0.3 km; BTS-Nana 0.3 km; Arab Street 0.4 km; Korean Town 0.5 km; Krungthai Bank Head Office 0.5 km; Sukhumvit Soi 11 0.6 km; Deutsche Bank Bangkok 0.6 km; Embassy of the United Arab Emirates 0.6 km; Food Land 0.7 km; Don Muang Airport 20.9 km; Suvarnabhumi Airport 21.9 km; Central Embassy 1 km; Amarin Plaza 1.4 km; Lumpini Park 1.5 km; Gaysorn Shopping Mall 1.5 km; SEA LIFE Bangkok Ocean World 2.1 km; MBK Shopping Mall 2.6 km; Temple of the Golden Mount 5.3 km; Grand Palace 6.8 km; Wat Arun 7 km; Mega Bangna 17 km; ,Swimming pool; Outdoor pool; Airport shuttle; Non-smoking rooms; WiFi in all areas; Room service; Bar; Good Breakfast,"Wednesday, February 20, 2019","Thursday, February 21, 2019"
0,19,JW Marriott Hotel Bangkok,"4 Sukhumvit Road, Soi 2, 10110 Bangkok, Thailand",5-star hotel,8.7,Krungthai Bank Head Office 0.1 km; Arab Street 0.1 km; Soi Nana 0.2 km; Embassy of Sweden 0.3 km; BTS - Phloen Chit 0.4 km; Deutsche Bank Bangkok 0.4 km; BTS-Nana 0.4 km; Wattana Church 0.4 km; Bumrungrad International Hospital 0.4 km; Sukhumvit Soi 11 0.5 km; Beirut 0.1 km; Starbucks 0.1 km; Villa Market 0.1 km; Don Muang Airport 20.6 km; Suvarnabhumi Airport 22.1 km; Central Embassy 0.7 km; Amarin Plaza 1.2 km; Gaysorn Shopping Mall 1.3 km; Lumpini Park 1.6 km; SEA LIFE Bangkok Ocean World 1.9 km; MBK Shopping Mall 2.4 km; Temple of the Golden Mount 5.1 km; Grand Palace 6.6 km; Wat Arun 6.9 km; Mega Bangna 17.3 km; ,Swimming pool; Outdoor pool; Airport shuttle; Non-smoking rooms; very good Fitness Center; Spa; Bar; Very Good Breakfast,"
Wednesday, February 20, 2019
","
Thursday, February 21, 2019
"
0,20,Novotel Bangkok Sukhumvit 4,"27 Sukhumvit 4 Klongtoey, Khlong Toei, 10110 Bangkok, Thailand",4-star hotel,8.7,Soi Nana 0.1 km; Wattana Church 0.2 km; Embassy of Sweden 0.2 km; BTS-Nana 0.3 km; Arab Street 0.3 km; Krungthai Bank Head Office 0.4 km; Sukhumvit Soi 11 0.5 km; Deutsche Bank Bangkok 0.5 km; Korean Town 0.5 km; Embassy of the United Arab Emirates 0.6 km; Arabitia Café  0 km; 7-11 0 km; Swan Restaurant & Bar  0 km; Canadian Pizza  0 km; Red Zone  0.1 km; Seafood and Street food  0.1 km; Don Muang Airport 20.8 km; Suvarnabhumi Airport 22 km; Central Embassy 0.9 km; Amarin Plaza 1.4 km; Gaysorn Shopping Mall 1.5 km; Lumpini Park 1.5 km; SEA LIFE Bangkok Ocean World 2.1 km; MBK Shopping Mall 2.6 km; Temple of the Golden Mount 5.3 km; Grand Palace 6.7 km; Wat Arun 7 km; Mega Bangna 17.1 km; ,Swimming pool; Outdoor pool; Non-smoking rooms; Fitness center; Free parking; WiFi in all areas; Bar; Breakfast,"
Wednesday, February 20, 2019
","
Thursday, February 21, 2019
"
0,21,The Aim Sathorn Hotel,"106/1 Soi Sri-bamphen, Sathorn Road, Sathorn,, Sathorn, 10120 Bangkok, Thailand",3-star hotel,7.2,"Goethe-Institute Thailand 0.6 km; MRT-Khlong Toei 0.7 km; MRT-Lumphini 0.8 km; Embassy of Germany, Bangkok 0.9 km; Alliance Francaise Bangkok 0.9 km; Moon Bar Bangkok 1 km; The Stock Exchange of Thailand 1.2 km; Australian Embassy 1.2 km; MRT-Queen Sirikit National Convention Center 1.3 km; Lumpini Park 1.5 km; Mama Dolores 0.4 km; Suvarnabhumi Airport 22.1 km; Don Muang Airport 23.1 km; Arab Street 2.6 km; Central Embassy 2.7 km; Amarin Plaza 2.8 km; Gaysorn Shopping Mall 3 km; SEA LIFE Bangkok Ocean World 3.2 km; MBK Shopping Mall 3.4 km; Temple of the Golden Mount 5.9 km; Grand Palace 7 km; Wat Arun 7 km; Mega Bangna 16.3 km; ",Non-smoking rooms; Free parking; Free WiFi; 24-hour front desk; Breakfast,"Wednesday, February 20, 2019","Thursday, February 21, 2019"
0,22,Radisson Blu Plaza Bangkok,"489 Sukhumvit Road ( Sukhumvit 27), Klongtoey Nua, Wattana, Wattana, 10110 Bangkok, Thailand",5-star hotel,8.7,The Escape Hunt Experience Bangkok 0.3 km; Citibank Bangkok 0.3 km; Soi Cowboy 0.3 km; BTS-Asok 0.5 km; Terminal 21 0.5 km; MRT-Sukhumvit 0.5 km; Benjasiri Park 0.6 km; Kamthieng House Museum 0.6 km; Thailand Creative & Design Center 0.7 km; EmQuartier Shopping Mall 0.7 km; Terminal 21 0.5 km; The Emporium and Emquartier 0.7 km; Gaysorn Shopping Centre 2.9 km; Rod Fai Ratchada Market  6.5 km; Asiatique The Riverfront  10.8 km; Suvarnabhumi Airport 20.7 km; Don Muang Airport 21.1 km; Arab Street 1.4 km; Central Embassy 2.2 km; Lumpini Park 2.4 km; Amarin Plaza 2.6 km; Gaysorn Shopping Mall 2.8 km; MBK Shopping Mall 3.8 km; Temple of the Golden Mount 6.5 km; Grand Palace 8 km; Wat Arun 8.2 km; Mega Bangna 15.8 km; ,Swimming pool; Outdoor pool; Non-smoking rooms; good Fitness Center; Spa; Free parking; Bar; Very Good Breakfast,"Wednesday, February 20, 2019","Thursday, February 21, 2019"
0,23,SSIP Boutique Dhevej Bangkok - Adults Only,"42 Phitsanulok Road, Dusit , Dusit, 10300 Bangkok, Thailand",4-star hotel,9.2,National Library 0.2 km; Suan Sunandha Rajabhat University 0.4 km; Thewej Pier 0.5 km; The Ananda Samakhom Throne Hall 0.9 km; UNESCAP and United Nations 0.9 km; Suan Dusit University 1 km; Vimanmek Mansion 1 km; Wat Benchamabophit 1.1 km; Parliament of Thailand 1.1 km; Dusit Palace 1.1 km; 7/11 0 km; Thewet Market 0.1 km; Steve Cafe and Cuisine 0.3 km; Chaophraya River 0.2 km; Don Muang Airport 19.7 km; Suvarnabhumi Airport 27.9 km; Khao San Road 1.5 km; Temple of the Golden Mount 1.9 km; Bangkok National Museum 2 km; Temple of the Emerald Buddha 2.5 km; Grand Palace 2.7 km; Siam Discovery 2.8 km; Wat Arun 3.5 km; Bangkok Art & Culture Centre 3.8 km; MBK Shopping Mall 4 km; Central Embassy 5.4 km; ,Non-smoking rooms; Free parking; WiFi in all areas; Free WiFi; Wonderful Breakfast,"Thursday, February 21, 2019","Friday, February 22, 2019"
0,24,Grand Mercure Bangkok Asoke Residence,"50-5 Sukhumvit Soi 19, , Wattana, 10110 Bangkok, Thailand",5-star hotel,8.5,"Health Land Asoke 0.1 km; Kamthieng House Museum 0.3 km; MRT-Sukhumvit 0.4 km; Korean Town 0.4 km; Sukhumvit Soi 11 0.4 km; Terminal 21 0.4 km; BTS-Asok 0.5 km; Soi Cowboy 0.5 km; BTS-Nana 0.5 km; Citibank Bangkok 0.6 km; Madam Sirawan Restaurant 0.1 km; Beer Garden 0.1 km; 7eleven 0.2 km; The Local Restaurant 0.4 km; Tops Market 0.5 km; Local Market - Tuesdays and Thursdays 0.5 km; Le Dalat 0.5 km; Benchakiti Park 2 km; Chao Phraya River 7.7 km; Don Muang Airport 20.4 km; Suvarnabhumi Airport 21.3 km; Terminal 21 Popular brands like: H&M, Nike; Arab Street 0.7 km; Central Embassy 1.5 km; Amarin Plaza 2.1 km; Gaysorn Shopping Mall 2.2 km; Lumpini Park 2.3 km; MBK Shopping Mall 3.3 km; Temple of the Golden Mount 6 km; Grand Palace 7.5 km; Wat Arun 7.8 km; Mega Bangna 16.6 km; ",Swimming pool; Outdoor pool; Non-smoking rooms; good Fitness Center; Free parking; Family rooms; Breakfast,"
Thursday, February 21, 2019
","
Friday, February 22, 2019
"
0,25,Grand Business Inn,"2/4, 2/11 Sukhumvit 11, Sukhumvit Road, Wattana, Wattana, 10110 Bangkok, Thailand",,8.0,BTS-Nana 0.1 km; Embassy of Sweden 0.2 km; Sukhumvit Soi 11 0.2 km; Wattana Church 0.2 km; Korean Town 0.3 km; Soi Nana 0.4 km; Arab Street 0.4 km; Health Land Asoke 0.5 km; Krungthai Bank Head Office 0.5 km; Terminal 21 0.5 km; 7-11 0.1 km; Don Muang Airport 20.6 km; Suvarnabhumi Airport 21.6 km; Central Embassy 1.2 km; Amarin Plaza 1.7 km; Gaysorn Shopping Mall 1.8 km; Lumpini Park 1.9 km; SEA LIFE Bangkok Ocean World 2.4 km; MBK Shopping Mall 2.9 km; Temple of the Golden Mount 5.6 km; Grand Palace 7.1 km; Wat Arun 7.4 km; Mega Bangna 16.9 km; ,Non-smoking rooms; Free WiFi; Restaurant; 24-hour front desk; Room service,"Thursday, February 21, 2019","Friday, February 22, 2019"
0,26,Le Tada Residence,"440/9 Ratchawithi Soi 3, Pratunam, Ratchathewi, Pathumwan, 10400 Bangkok, Thailand",3-star hotel,8.4,Aksra Theatre 0.2 km; King Power Complex 0.2 km; BTS-Victory Monument 0.4 km; Victory Monument 0.4 km; Phyathai 1 Hospital 0.6 km; Suan Pakkad Palace Museum 0.6 km; Ratchaprarop Station 0.7 km; Bangkok Dolls Museum & Factory 0.8 km; Phaya Thai Station 0.8 km; Shibuya 19 0.8 km; Lotus Express 0.3 km; Kuong Seafood 0.6 km; Mezzanine Cafe 0.6 km; Don Muang Airport 18.9 km; Suvarnabhumi Airport 24 km; Siam Discovery 1.3 km; Gaysorn Shopping Mall 1.8 km; SEA LIFE Bangkok Ocean World 1.8 km; Bangkok Art & Culture Centre 1.9 km; Amarin Plaza 2 km; Central Embassy 2 km; MBK Shopping Mall 2.3 km; Temple of the Golden Mount 3.7 km; Grand Palace 5.4 km; Wat Arun 5.9 km; ,Swimming pool; Airport shuttle; Non-smoking rooms; good Fitness Center; Spa; Free parking; Tea/Coffee Maker in All Rooms; Good Breakfast,"Thursday, February 21, 2019","Friday, February 22, 2019"
0,27,Oakwood Residence Sukhumvit 24,"15 Sukhumvit 24 Road, Khlong Toei, 10110 Bangkok, Thailand",4 stars,8.2,"Emporium Shopping Mall 0.2 km; BTS-Phrom Phong 0.2 km; EmQuartier Shopping Mall 0.3 km; Benjasiri Park 0.4 km; Thailand Creative & Design Center 0.6 km; Flow House Bangkok 0.9 km; The Terrace 49 0.9 km; K village 0.9 km; Funarium 0.9 km; Dental Hospital Bangkok 0.9 km; Emporium Shopping Complex 0.1 km; Suvarnabhumi Airport 20 km; Don Muang Airport 21.7 km; The EM District Popular brands like: Apple, Cartier, Gucci, H&M, Zara, Prada, Nike, Chanel, Burberry, Louis Vuitton; Arab Street 2.3 km; Lumpini Park 3 km; Central Embassy 3 km; Amarin Plaza 3.5 km; Gaysorn Shopping Mall 3.6 km; MBK Shopping Mall 4.6 km; Temple of the Golden Mount 7.3 km; Grand Palace 8.7 km; Wat Arun 8.9 km; Mega Bangna 14.9 km; ",Swimming pool; Airport shuttle; Outdoor pool; Non-smoking rooms; Fitness center; Free parking; Bar,"Thursday, February 21, 2019","Friday, February 22, 2019"
0,28,Park Saladaeng,"35/2 Soi Yommarat, Saladaeng, Silom, Bangrak, Bang Rak, 10500 Bangkok, Thailand",3 stars,8.7,"MRT-Silom 0.3 km; Silom Complex 0.4 km; Australian Embassy 0.4 km; Silom Soi 2 0.4 km; Silom Soi 4 0.4 km; BNH Hospital 0.4 km; Moon Bar Bangkok 0.4 km; BTS-Sala Daeng 0.4 km; Embassy of Germany, Bangkok 0.5 km; King Chulalongkorn Memorial Hospital 0.6 km; Fatboy Sushi 0 km; Sumtumder Restaurant 0.3 km; Central Silom Complex 0.6 km; Patpong Night Market 1.2 km; Don Muang Airport 22.6 km; Suvarnabhumi Airport 23.3 km; Silom Complex Department Store; Lumpini Park 0.6 km; Amarin Plaza 1.9 km; Gaysorn Shopping Mall 2 km; MBK Shopping Mall 2.1 km; Central Embassy 2.1 km; SEA LIFE Bangkok Ocean World 2.1 km; Temple of the Golden Mount 4.5 km; Grand Palace 5.6 km; Wat Arun 5.7 km; Mega Bangna 17.7 km; ",Non-smoking rooms; Free WiFi; Terrace; Air conditioning; Daily housekeeping; Tea/Coffee Maker in All Rooms,"
Thursday, February 21, 2019
","
Friday, February 22, 2019
"
0,29,ibis Bangkok Sathorn,"Soi Ngam Duphli Rama IV, Sathorn, 10120 Bangkok, Thailand",3-star hotel,7.8,"Goethe-Institute Thailand 0.3 km; MRT-Lumphini 0.5 km; Embassy of Germany, Bangkok 0.6 km; Alliance Francaise Bangkok 0.7 km; Moon Bar Bangkok 0.8 km; MRT-Khlong Toei 0.8 km; Australian Embassy 1 km; Lumpini Park 1.1 km; BNH Hospital 1.3 km; MRT-Silom 1.3 km; Central Chidlom 0.4 km; VERTIGO BAR 0.8 km; SIROCCO BAR 4 km; Suvarnabhumi Airport 22.3 km; Don Muang Airport 22.9 km; Arab Street 2.4 km; Central Embassy 2.5 km; Amarin Plaza 2.5 km; Gaysorn Shopping Mall 2.7 km; SEA LIFE Bangkok Ocean World 2.9 km; MBK Shopping Mall 3 km; Temple of the Golden Mount 5.6 km; Grand Palace 6.7 km; Wat Arun 6.7 km; Mega Bangna 16.6 km; ",Airport shuttle; Non-smoking rooms; Free parking; Pet friendly; Facilities for disabled guests; Tea/Coffee Maker in All Rooms; Bar; Good Breakfast,"Thursday, February 21, 2019","Friday, February 22, 2019"
0,30,Solo Express Sukhumvit 81,"120 Soi Sukhumvit 81, Phra Khanong , 10260 Bangkok, Thailand",3-star hotel,7.9,BTS-On Nut 0.5 km; BTS-Bang Chak 1.1 km; W District's Market 1.5 km; BTS-Phra Khanong 1.8 km; BTS - Punnawithi 1.9 km; Sukhumvit Hospital 2.4 km; Gateway Ekamai 2.6 km; Bangkok University International College 2.6 km; BTS-Ekkamai 2.7 km; Ekkamai Eastern Bus Terminal 2.7 km; Wcafe Bangkok Sukhumvit 81 0.2 km; Suvarnabhumi Airport 15.8 km; Don Muang Airport 23.8 km; Arab Street 6.9 km; Lumpini Park 7.4 km; Central Embassy 7.7 km; Amarin Plaza 8.1 km; Gaysorn Shopping Mall 8.2 km; MBK Shopping Mall 9.2 km; Mega Bangna 10.3 km; Temple of the Golden Mount 11.9 km; Grand Palace 13.2 km; Wat Arun 13.3 km; ,Non-smoking rooms; Free parking; Family rooms; WiFi in all areas; Free WiFi; Breakfast,"Thursday, February 21, 2019","Friday, February 22, 2019"
0,31,Siam Kempinski Hotel Bangkok,"991/9 Rama I Road, Pathumwan, Pathumwan, 10330 Bangkok, Thailand",5-star hotel,9.1,"KidZania Bangkok 0.2 km; Siam Paragon Mall 0.2 km; SEA LIFE Bangkok Ocean World 0.3 km; BTS-Siam 0.3 km; Siam Center 0.3 km; Pantip Plaza 0.4 km; Madame Tussauds Bangkok 0.4 km; Platinum Fashion Mall 0.4 km; Bangkok Art & Culture Centre 0.5 km; BTS-Ratchathewi 0.5 km; The Gourmet Supermarket 0.5 km; Patunam Market 1 km; Don Muang Airport 20.5 km; Suvarnabhumi Airport 24.1 km; Siam Paragon Mall Popular brands like: Rolex, Apple, Cartier, Gucci, Hermès, H&M, Zara, Prada, Nike, Ralph Lauren, Chanel, Burberry, Louis Vuitton; Siam Discovery Popular brands like: Apple, Nike; Siam Center Luxury; Gaysorn Shopping Mall 0.7 km; MBK Shopping Mall 0.8 km; Amarin Plaza 0.9 km; Central Embassy 1.3 km; Lumpini Park 2.1 km; Arab Street 2.1 km; Siam Discovery 2.3 km; Temple of the Golden Mount 3.1 km; Grand Palace 4.7 km; Wat Arun 5 km; ",Swimming pool; Airport shuttle; Outdoor pool; Non-smoking rooms; very good Fitness Center; Spa; Bar; Very Good Breakfast,"
Thursday, February 21, 2019
","
Friday, February 22, 2019
"
0,32,"Four Points by Sheraton Bangkok, Sukhumvit 15","4 Sukhumvit Soi 15 (BTS Asoke/ MRT Sukhumvit), Klongtoey-Nua, Wattana, Wattana, 10110 Bangkok, Thailand",4-star hotel,8.7,"Korean Town 0.1 km; Terminal 21 0.3 km; Health Land Asoke 0.3 km; BTS-Asok 0.3 km; Kamthieng House Museum 0.3 km; MRT-Sukhumvit 0.3 km; BTS-Nana 0.4 km; Sukhumvit Soi 11 0.4 km; Wattana Church 0.4 km; Embassy of Sweden 0.4 km; Terminal 21 Shopping Mall  0.2 km; El Gaucho Steakhouse 0.2 km; Baan Khanitha Thai Restaurant 0.8 km; Oskar Bistro 0.8 km; Insanity Nightclub 0.8 km; Charcoal Indian Restaurant 1 km; Emporium Shopping Mall 1.6 km; Sing Sing Theater Nightclub 2.1 km; Central World Department Store 2.3 km; Pratunam Market 3.9 km; Chatuchak Weekend Market 13 km; Don Muang Airport 20.7 km; Suvarnabhumi Airport 21.4 km; Terminal 21 Popular brands like: H&M, Nike; Arab Street 0.6 km; Central Embassy 1.4 km; Amarin Plaza 1.9 km; Lumpini Park 2 km; Gaysorn Shopping Mall 2 km; MBK Shopping Mall 3.2 km; Temple of the Golden Mount 5.8 km; Grand Palace 7.3 km; Wat Arun 7.6 km; Mega Bangna 16.6 km; ",Swimming pool; Outdoor pool; Non-smoking rooms; Fitness center; Free parking; Family rooms; Bar,"
Thursday, February 21, 2019
","
Friday, February 22, 2019
"
0,33,Holiday Inn Express Bangkok Soi Soonvijai,"19 Soi Soonvijai, New Petchburi Road, Huai Khwang, 10310 Bangkok, Thailand",4-star hotel,8.2,Bangkok Hospital 0.1 km; Piyavate Hospital 0.7 km; Camillian Hospital 1 km; Show DC 1.3 km; The Commons 1.4 km; Praram 9 Hospital 1.6 km; SeenSpace 1.6 km; Samitivej Sukhumvit Hospital 1.7 km; Thonglor Nightlife Area 1.7 km; Ramkhamhaeng Station 1.8 km; Khua Kling + Pak Sod 0 km; Starbucks  0.1 km; Suvarnabhumi Airport 18.9 km; Don Muang Airport 19.3 km; Arab Street 3.4 km; Central Embassy 4.2 km; Amarin Plaza 4.7 km; Gaysorn Shopping Mall 4.8 km; Lumpini Park 5 km; MBK Shopping Mall 6 km; Temple of the Golden Mount 8.4 km; Grand Palace 10 km; Wat Arun 10.4 km; Mega Bangna 15.1 km; ,Non-smoking rooms; Fitness center; Free parking; Family rooms; Facilities for disabled guests; Tea/Coffee Maker in All Rooms; Breakfast,"Thursday, February 21, 2019","Friday, February 22, 2019"
0,34,Hua Chang Heritage Hotel,"400 Phayathai Road, Pathumwan, Phaya Thai, 10330 Bangkok, Thailand",4-star hotel,8.7,"Bangkok Art & Culture Centre 0.2 km; Madame Tussauds Bangkok 0.3 km; The Jim Thompson House 0.3 km; BTS-National Stadium 0.3 km; BTS-Ratchathewi 0.3 km; Siam Center 0.3 km; KidZania Bangkok 0.5 km; Siam Paragon Mall 0.5 km; BTS-Siam 0.5 km; SEA LIFE Bangkok Ocean World 0.6 km; 7-Eleven 0.3 km; Da Mamma (Italian style) 0.3 km; Top Supermarket (MBK center) 0.4 km; Gourmet Market (Siam paragon) 0.4 km; Som Tam Nua 1 km; Hard rock cafe 1 km; Don Muang Airport 20.6 km; Suvarnabhumi Airport 24.5 km; Siam Discovery Popular brands like: Apple, Nike; Siam Center Luxury; MBK Shopping Mall 0.6 km; Gaysorn Shopping Mall 1.1 km; Amarin Plaza 1.3 km; Central Embassy 1.7 km; Siam Discovery 2.2 km; Lumpini Park 2.3 km; Arab Street 2.5 km; Temple of the Golden Mount 2.7 km; Grand Palace 4.2 km; Wat Arun 4.6 km; ",Swimming pool; Outdoor pool; Non-smoking rooms; Free parking; Room service; Free WiFi; Bar; Good Breakfast,"Thursday, February 21, 2019","Friday, February 22, 2019"
0,35,Best Western Plus @20 Sukhumvit,"17 Sukhumvit Soi 20 Klong Toey, Khlong Toei, 10110 Bangkok, Thailand",4-star hotel,8.1,"Benjasiri Park 0.4 km; Emporium Shopping Mall 0.5 km; EmQuartier Shopping Mall 0.5 km; The Escape Hunt Experience Bangkok 0.6 km; BTS-Phrom Phong 0.6 km; Citibank Bangkok 0.6 km; Soi Cowboy 0.6 km; Thailand Creative & Design Center 0.6 km; Benjakitti Park 0.7 km; BTS-Asok 0.7 km; Family mart 0.1 km; Wine connection  0.1 km; Wine connection  0.1 km; Suvarnabhumi Airport 20.6 km; Don Muang Airport 21.3 km; The EM District Popular brands like: Apple, Cartier, Gucci, H&M, Zara, Prada, Nike, Chanel, Burberry, Louis Vuitton; Arab Street 1.6 km; Central Embassy 2.4 km; Lumpini Park 2.4 km; Amarin Plaza 2.8 km; Gaysorn Shopping Mall 3 km; MBK Shopping Mall 4 km; Temple of the Golden Mount 6.7 km; Grand Palace 8.1 km; Wat Arun 8.3 km; Mega Bangna 15.6 km; ",Airport shuttle; Non-smoking rooms; WiFi in all areas; Room service; Free WiFi; Tea/Coffee Maker in All Rooms; Bar; Breakfast,"Thursday, February 21, 2019","Friday, February 22, 2019"
0,36,The Tarntawan Hotel Surawong Bangkok,"119/5-10 Surawong Road, Bangrak, Bang Rak, 10500 Bangkok, Thailand",4-star hotel,7.9,Patpong 0.2 km; Bangkok Christian Hospital 0.2 km; Bangkok Bank Head Office 0.3 km; Silom Nightlife Area 0.3 km; Embassy of the Russian Federation 0.3 km; MRT-Sam Yan 0.4 km; Wat Hua Lamphong 0.4 km; BTS-Sala Daeng 0.4 km; Chamchuri Square 0.4 km; Snake Farm-Queen Saovabha Memorial Institute 0.5 km; Patpong 0.1 km; Silom Complex 0.1 km; Don Muang Airport 22.7 km; Suvarnabhumi Airport 24.2 km; Lumpini Park 1.3 km; MBK Shopping Mall 1.6 km; SEA LIFE Bangkok Ocean World 1.9 km; Bangkok Art & Culture Centre 2 km; Amarin Plaza 2 km; Central Embassy 2.4 km; Temple of the Golden Mount 3.8 km; Grand Palace 4.8 km; Wat Arun 4.8 km; Mega Bangna 18.5 km; ,Airport shuttle; Non-smoking rooms; Free parking; Family rooms; WiFi in all areas; Tea/Coffee Maker in All Rooms; Bar; Good Breakfast,"
Thursday, February 21, 2019
","
Friday, February 22, 2019
"
0,37,Ibis Bangkok Sukhumvit 4,"41 Sukhumvit Road, Soi 4, Klongtoey, Khlong Toei, 10110 Bangkok, Thailand",3-star hotel,7.5,Wattana Church 0.2 km; Soi Nana 0.3 km; Embassy of Sweden 0.3 km; BTS-Nana 0.4 km; Arab Street 0.5 km; Korean Town 0.5 km; Krungthai Bank Head Office 0.6 km; Sukhumvit Soi 11 0.6 km; Embassy of the United Arab Emirates 0.6 km; Deutsche Bank Bangkok 0.6 km; Terminal 21 1.5 km; THE EMPORIUM 2.4 km; CENTRAL CHIDLOM 2.9 km; CENTRAL WORLD 3 km; Don Muang Airport 21 km; Suvarnabhumi Airport 21.9 km; Central Embassy 1 km; Amarin Plaza 1.4 km; Lumpini Park 1.4 km; Gaysorn Shopping Mall 1.6 km; SEA LIFE Bangkok Ocean World 2.1 km; MBK Shopping Mall 2.6 km; Temple of the Golden Mount 5.3 km; Grand Palace 6.8 km; Wat Arun 7 km; Mega Bangna 17 km; ,Non-smoking rooms; Free parking; Pet friendly; Facilities for disabled guests; Free WiFi; Tea/Coffee Maker in All Rooms; Bar; Breakfast,"Thursday, February 21, 2019","Friday, February 22, 2019"
0,38,Novotel Bangkok Fenix Silom,"320 Silom Road, Bang Rak, 10500 Bangkok, Thailand",4-star hotel,8.0,"Lerdsin Hospital 0.1 km; Sky Bar at Lebua 0.2 km; Embassy of France, Bangkok 0.4 km; Sri Mariamman Temple (Wat Khaek) 0.5 km; Oriental Pier 0.5 km; BTS-Surasak 0.5 km; Bangkokian Museum 0.6 km; The Neilson Hays Library 0.7 km; BTS-Saphan Taksin 0.7 km; Sathorn Pier 0.7 km; Central Silom Tower 0.1 km; Patpong Night Market 0.9 km; Somboon Seafood Surawong 1.3 km; Eat Me Restaurant 2 km; Asiatique 2.8 km; Chaophaya River 1.2 km; Don Muang Airport 23.8 km; Suvarnabhumi Airport 25.3 km; MBK Shopping Mall 2.6 km; Lumpini Park 2.7 km; Bangkok Art & Culture Centre 2.9 km; SEA LIFE Bangkok Ocean World 3.1 km; Amarin Plaza 3.4 km; Gaysorn Shopping Mall 3.4 km; Temple of the Golden Mount 3.7 km; Central Embassy 3.8 km; Wat Arun 4 km; Grand Palace 4.2 km; ",Swimming pool; Airport shuttle; Outdoor pool; Non-smoking rooms; Fitness center; Spa; Tea/Coffee Maker in All Rooms; Bar; Good Breakfast,"Thursday, February 21, 2019","Friday, February 22, 2019"
0,39,Holiday Inn Bangkok Sukhumvit,"1 Sukhumvit 22 Klongton, Klongtoey, Khlong Toei, 10110 Bangkok, Thailand",4-star hotel,8.5,"Benjasiri Park 0.3 km; Emporium Shopping Mall 0.5 km; EmQuartier Shopping Mall 0.5 km; The Escape Hunt Experience Bangkok 0.5 km; Thailand Creative & Design Center 0.5 km; Citibank Bangkok 0.5 km; Soi Cowboy 0.6 km; BTS-Phrom Phong 0.6 km; BTS-Asok 0.7 km; Terminal 21 0.7 km; Villa Market 0.1 km; Emporium & EmQuartier 0.2 km; Terminal 21 0.3 km; Pratunam Market 2 km; Siam Night Market 2 km; Chatuchak Weekend Market 18 km; Chao Praya River (Saphan Taksin BTS) 9.7 km; Suvarnabhumi Airport 20.5 km; Don Muang Airport 21.2 km; The EM District Popular brands like: Apple, Cartier, Gucci, H&M, Zara, Prada, Nike, Chanel, Burberry, Louis Vuitton; Arab Street 1.6 km; Central Embassy 2.4 km; Lumpini Park 2.5 km; Amarin Plaza 2.8 km; Gaysorn Shopping Mall 3 km; MBK Shopping Mall 4 km; Temple of the Golden Mount 6.7 km; Grand Palace 8.2 km; Wat Arun 8.4 km; Mega Bangna 15.6 km; ",Swimming pool; Airport shuttle; Outdoor pool; Non-smoking rooms; good Fitness Center; Free parking; Bar,"
Thursday, February 21, 2019
","
Friday, February 22, 2019
"
0,40,K Maison Boutique Hotel,"116/17-21 Rangnam Road, Pathumwan, 10400 Bangkok, Thailand",4-star hotel,8.6,King Power Complex 0.3 km; Phyathai 1 Hospital 0.3 km; Aksra Theatre 0.4 km; Ratchaprarop Station 0.4 km; Baiyoke Sky Tower 0.5 km; Suan Pakkad Palace Museum 0.5 km; Shibuya 19 0.6 km; Bangkok Dolls Museum & Factory 0.6 km; BTS-Victory Monument 0.6 km; Phaya Thai Station 0.7 km; CENTURY SHOPPING MALL 1 km; Don Muang Airport 19.2 km; Suvarnabhumi Airport 23.8 km; Gaysorn Shopping Mall 1.5 km; Siam Discovery 1.5 km; SEA LIFE Bangkok Ocean World 1.6 km; Amarin Plaza 1.7 km; Central Embassy 1.7 km; Bangkok Art & Culture Centre 1.8 km; MBK Shopping Mall 2.1 km; Temple of the Golden Mount 3.8 km; Grand Palace 5.4 km; Wat Arun 6 km; ,Non-smoking rooms; Spa; Free parking; WiFi in all areas; Room service; Free WiFi; Excellent Breakfast,"Thursday, February 21, 2019","Friday, February 22, 2019"
0,41,Woraburi Sukhumvit Hotel,"128/1 Sukhumvit Soi 4, Klongtoey, Khlong Toei, 10110 Bangkok, Thailand",3-star hotel,7.2,"Wattana Church 0.5 km; Soi Nana 0.6 km; Embassy of Sweden 0.6 km; BTS-Nana 0.6 km; Korean Town 0.6 km; Embassy of the United Arab Emirates 0.7 km; Arab Street 0.7 km; Deutsche Bank Bangkok 0.8 km; BTS-Asok 0.8 km; Embassy of the United States of America, Bangkok 0.8 km; Cabbages & Condoms Restaurant 1.4 km; Don Muang Airport 21.2 km; Suvarnabhumi Airport 21.9 km; Central Embassy 1.2 km; Lumpini Park 1.3 km; Amarin Plaza 1.6 km; Gaysorn Shopping Mall 1.7 km; SEA LIFE Bangkok Ocean World 2.2 km; MBK Shopping Mall 2.7 km; Temple of the Golden Mount 5.4 km; Grand Palace 6.8 km; Wat Arun 7 km; Mega Bangna 16.8 km; ",Swimming pool; Outdoor pool; Non-smoking rooms; Free parking; WiFi in all areas; Bar; Breakfast,"Thursday, February 21, 2019","Friday, February 22, 2019"
0,42,Atsathon,"583/2 Soi Suanphlu 1, South Sathon road, Bangkok, Thailand, Sathorn, 10120 Bangkok, Thailand",,9.1,M.R. Kukrit's House 0.2 km; Embassy of the Republic of Singapore 0.3 km; Australian Embassy 0.6 km; BNH Hospital 0.7 km; Moon Bar Bangkok 0.8 km; BTS-Chong Nonsi 0.8 km; MahaNakhon 0.8 km; Blue Elephant Sathorn 0.9 km; Health Land Sathorn 0.9 km; Bangkok Bank Head Office 0.9 km; Junker and Bar 0.2 km; Bai meang Indy 0.2 km; 7/11 0.2 km; Fresh Market 0.6 km; Suvarnabhumi Airport 23.5 km; Don Muang Airport 23.6 km; Lumpini Park 1.6 km; MBK Shopping Mall 2.8 km; Amarin Plaza 2.8 km; SEA LIFE Bangkok Ocean World 3 km; Gaysorn Shopping Mall 3 km; Central Embassy 3.1 km; Temple of the Golden Mount 4.9 km; Wat Arun 5.7 km; Grand Palace 5.8 km; Mega Bangna 17.6 km; ,Non-smoking rooms; Free parking; Free WiFi,"
Thursday, February 21, 2019
","
Friday, February 22, 2019
"
0,43,Majestic Grande Hotel,"12 Sukhumvit Soi 2, Khlong Toei, 10110 Bangkok, Thailand",4-star hotel,8.1,Soi Nana 0.1 km; Arab Street 0.3 km; Krungthai Bank Head Office 0.3 km; Embassy of Sweden 0.3 km; Wattana Church 0.3 km; Deutsche Bank Bangkok 0.3 km; BTS-Nana 0.4 km; Embassy of the United Arab Emirates 0.4 km; BTS - Phloen Chit 0.4 km; Sukhumvit Soi 11 0.6 km; 7-11 (Sukhumvit Soi 4) 0.1 km; Villa Market (Ploenchit Center Branch) 0.1 km; Lawson 108 0.1 km; Beirut Cafe (Lebanese) 0.1 km; Central Embassy 0.8 km; Central World  1.6 km; Siam Paragon 2 km; Erawan Shine Bangkok 1.5 km; Queen Sirikit National Convention Center 3 km; Don Muang Airport 20.8 km; Suvarnabhumi Airport 22.1 km; Central Embassy 0.7 km; Amarin Plaza 1.2 km; Gaysorn Shopping Mall 1.3 km; Lumpini Park 1.5 km; SEA LIFE Bangkok Ocean World 1.9 km; MBK Shopping Mall 2.4 km; Temple of the Golden Mount 5.1 km; Grand Palace 6.6 km; Wat Arun 6.9 km; Mega Bangna 17.3 km; ,Swimming pool; Outdoor pool; Non-smoking rooms; good Fitness Center; Spa; Free parking; Tea/Coffee Maker in All Rooms; Good Breakfast,"Thursday, February 21, 2019","Friday, February 22, 2019"
0,44,Well Hotel Bangkok,"10 Sukhumvit Soi 20, Sukhumvit Road, Klongtoey, Khlong Toei, 10110 Bangkok, Thailand",5-star hotel,8.6,Benjasiri Park 0.5 km; The Escape Hunt Experience Bangkok 0.5 km; Citibank Bangkok 0.5 km; Soi Cowboy 0.5 km; BTS-Asok 0.6 km; Emporium Shopping Mall 0.6 km; EmQuartier Shopping Mall 0.6 km; Terminal 21 0.6 km; MRT-Sukhumvit 0.7 km; Benjakitti Park 0.7 km; Burgers And Bangers 0.5 km; No idea 0.5 km; Villa Market 0.7 km; Terminal 21 0.8 km; The Emquatier 0.8 km; Suvarnabhumi Airport 20.7 km; Don Muang Airport 21.3 km; Arab Street 1.5 km; Central Embassy 2.3 km; Lumpini Park 2.4 km; Amarin Plaza 2.7 km; Gaysorn Shopping Mall 2.8 km; MBK Shopping Mall 3.9 km; Temple of the Golden Mount 6.6 km; Grand Palace 8 km; Wat Arun 8.2 km; Mega Bangna 15.7 km; ,Swimming pool; Outdoor pool; Non-smoking rooms; good Fitness Center; very good Spa & Wellness Center; Free parking; Bar; Good Breakfast,"
Thursday, February 21, 2019
","
Friday, February 22, 2019
"
0,45,Salil Hotel Sukhumvit Soi 8,"50,50/1 Sukhumvit Soi 8, Sukhumvit Road, Klongtoey, Khlong Toei, 10110 Bangkok, Thailand",3-star hotel,8.1,Korean Town 0.4 km; Wattana Church 0.5 km; BTS-Asok 0.5 km; Terminal 21 0.6 km; Embassy of Sweden 0.6 km; BTS-Nana 0.6 km; Citibank Bangkok 0.6 km; Soi Nana 0.7 km; The Escape Hunt Experience Bangkok 0.7 km; Soi Cowboy 0.7 km; Det5 0.5 km; Cabbage and Condom 2 km; Don Muang Airport 21.2 km; Suvarnabhumi Airport 21.6 km; Arab Street 0.8 km; Central Embassy 1.4 km; Lumpini Park 1.6 km; Amarin Plaza 1.8 km; Gaysorn Shopping Mall 2 km; MBK Shopping Mall 3 km; Temple of the Golden Mount 5.7 km; Grand Palace 7.1 km; Wat Arun 7.3 km; Mega Bangna 16.6 km; ,Airport shuttle; Non-smoking rooms; Free parking; WiFi in all areas; Room service; Breakfast,"Thursday, February 21, 2019","Friday, February 22, 2019"
0,46,Issara by D Hostel,"125 Fuang Nakhon Road, Phranakhon, 10200 Bangkok, Thailand",,9.2,Thai Chamber of commerce 0.2 km; Wat Ratchapradit 0.3 km; Sala Chalermkrung Royal Theatre 0.3 km; The Old Siam Plaza 0.4 km; Wat Suthat and the Giant Swing 0.4 km; Wat Pho 0.6 km; Temple of the Emerald Buddha 0.6 km; Bangkok City Pillar 0.6 km; Museum of Siam 0.6 km; Grand Palace 0.7 km; Old Town Coffee 0.2 km; 7/11 0.2 km; Local Morning Market 0.3 km; The old siam plaza  0.5 km; Krua AupSorn 0.8 km; Sorn Dang 0.9 km; Chao Phraya River 1 km; Don Muang Airport 22.2 km; Suvarnabhumi Airport 28 km; Temple of the Golden Mount 1.1 km; Khao San Road 1.2 km; Bangkok National Museum 1.2 km; Wat Arun 1.2 km; Dusit Palace 3.1 km; MBK Shopping Mall 3.5 km; Bangkok Art & Culture Centre 3.5 km; SEA LIFE Bangkok Ocean World 4 km; Siam Discovery 4.2 km; Central Embassy 5.2 km; ,Non-smoking rooms; Free WiFi; Restaurant; 24-hour front desk; Terrace; Wonderful Breakfast,"Friday, February 22, 2019","Saturday, February 23, 2019"
0,47,At Hua Lamphong (@ Hua Lamphong),"326/1 Rama IV Road Mahaphruttharam, Bang Rak, 10500 Bangkok, Thailand",3 stars,7.7,MRT-Hua Lamphong 0.1 km; Hua Lamphong Train Station 0.2 km; Yaowarat 0.3 km; Temple of the Golden Buddha or Wat Traimit 0.4 km; Holy Rosary Church 0.7 km; River City Shopping Complex 0.9 km; I'm Park Community Mall 0.9 km; Sampeng Market 1 km; Bangkokian Museum 1 km; Si Phraya Pier 1 km; Yaowarat (China Town) เยาวราช 1.5 km; Bangkok Railway Station (Hua Lamphong Railway Station) สถานีรถไฟหัวลำโพง 0.5 km; Wat trai Mit (วัดไตรมิตร)- Golden Buddha 1 km; Don Muang Airport 22.4 km; Suvarnabhumi Airport 25.7 km; MBK Shopping Mall 1.5 km; Bangkok Art & Culture Centre 1.8 km; Temple of the Golden Mount 2.2 km; SEA LIFE Bangkok Ocean World 2.2 km; Gaysorn Shopping Mall 2.7 km; Amarin Plaza 2.7 km; Lumpini Park 2.8 km; Grand Palace 3.1 km; Wat Arun 3.2 km; Central Embassy 3.3 km; ,Airport shuttle; Non-smoking rooms; Free parking; WiFi in all areas; Room service; Good Breakfast,"
Friday, February 22, 2019
","
Saturday, February 23, 2019
"
0,48,Grand Business Inn,"2/4, 2/11 Sukhumvit 11, Sukhumvit Road, Wattana, Wattana, 10110 Bangkok, Thailand",,8.0,BTS-Nana 0.1 km; Embassy of Sweden 0.2 km; Sukhumvit Soi 11 0.2 km; Wattana Church 0.2 km; Korean Town 0.3 km; Soi Nana 0.4 km; Arab Street 0.4 km; Health Land Asoke 0.5 km; Krungthai Bank Head Office 0.5 km; Terminal 21 0.5 km; 7-11 0.1 km; Don Muang Airport 20.6 km; Suvarnabhumi Airport 21.6 km; Central Embassy 1.2 km; Amarin Plaza 1.7 km; Gaysorn Shopping Mall 1.8 km; Lumpini Park 1.9 km; SEA LIFE Bangkok Ocean World 2.4 km; MBK Shopping Mall 2.9 km; Temple of the Golden Mount 5.6 km; Grand Palace 7.1 km; Wat Arun 7.4 km; Mega Bangna 16.9 km; ,Non-smoking rooms; Free WiFi; Restaurant; 24-hour front desk; Room service,"
Friday, February 22, 2019
","
Saturday, February 23, 2019
"
0,49,The Embassy Sathorn,"31 South Sathorn Road, Thungmahamek, Sathorn, 10120 Bangkok, Thailand",3-star hotel,7.1,"Australian Embassy 0 km; Moon Bar Bangkok 0.2 km; BNH Hospital 0.4 km; Embassy of Germany, Bangkok 0.5 km; Silom Complex 0.6 km; MRT-Silom 0.6 km; Embassy of the Republic of Singapore 0.6 km; M.R. Kukrit's House 0.6 km; Silom Soi 4 0.6 km; Silom Soi 2 0.6 km; Nahm 0.1 km; Don Muang Airport 22.9 km; Suvarnabhumi Airport 23.2 km; Lumpini Park 0.9 km; Amarin Plaza 2.2 km; Gaysorn Shopping Mall 2.4 km; MBK Shopping Mall 2.4 km; Central Embassy 2.4 km; SEA LIFE Bangkok Ocean World 2.4 km; Temple of the Golden Mount 4.8 km; Grand Palace 5.8 km; Wat Arun 5.8 km; Mega Bangna 17.5 km; ",Non-smoking rooms; Fitness center; Free parking; Room service; Free WiFi; Tea/Coffee Maker in All Rooms; Breakfast,"
Friday, February 22, 2019
","
Saturday, February 23, 2019
"
0,50,De Lavender Bangkok Hotel,"122/73, Ratchaprarop Rd, Phaya Thai Rd., Pratunam, Pathumwan, 10400 Bangkok, Thailand",3-star hotel,6.8,Baiyoke Sky Tower 0.1 km; Shibuya 19 0.1 km; Phyathai 1 Hospital 0.2 km; Ratchaprarop Station 0.3 km; Wholesale Market (Pratunam) 0.3 km; Suan Pakkad Palace Museum 0.3 km; Platinum Fashion Mall 0.4 km; Pantip Plaza 0.5 km; Phaya Thai Station 0.5 km; King Power Complex 0.6 km; ใบหยก 0.1 km; อินทรามาร์เกต 0.1 km; platinum fashion mall 0.5 km; central world 0.8 km; Pratunam market 0.1 km; Neon Night Market 0.5 km; Big C Supermarket 1.1 km; กวงทะเลเผา 1.2 km; ปลาทอง หมูกระทะ 1.7 km; แม่น้ำเจ้าพระยา 7 km; Don Muang Airport 19.7 km; Suvarnabhumi Airport 23.8 km; The Platinum fashion mall Mall; Gaysorn Shopping Mall 1.1 km; SEA LIFE Bangkok Ocean World 1.1 km; Amarin Plaza 1.2 km; Bangkok Art & Culture Centre 1.3 km; Central Embassy 1.4 km; MBK Shopping Mall 1.6 km; Siam Discovery 1.8 km; Temple of the Golden Mount 3.5 km; Grand Palace 5.2 km; Wat Arun 5.6 km; ,Airport shuttle; Non-smoking rooms; Spa; Family rooms; WiFi in all areas; Room service,"
Friday, February 22, 2019
","
Saturday, February 23, 2019
"
0,51,The Emerald Hotel,"99/1 Rachadapisek Road, Huai Khwang, Din Daeng, 10400 Bangkok, Thailand",4-star hotel,7.8,Bangkok International Dental Center 0.3 km; MRT-Huai Khwang 0.4 km; Embassy of the Republic of Korea 0.9 km; Thailand Cultural Center 1 km; Siam Niramit 1 km; The Esplanade Bangkok 1 km; MRT-Thailand Cultural Center 1.1 km; University of the Thai Chamber of Commerce 1.4 km; The Embassy of The People's Republic of China 1.5 km; Ratchada Nightlife Area 1.6 km; Kuang Seafood 0.4 km; Somboon Seafood 0.4 km; Huay Kwang Street Food 0.4 km; The Street Ratchada 0.6 km; Sote Club 1.7 km; Jatujak Weekend Market 7 km; Don Muang Airport 16.5 km; Suvarnabhumi Airport 21.2 km; Chatuchak Weekend Market 3.8 km; Arab Street 4.2 km; Central Embassy 4.5 km; Siam Discovery 4.6 km; Gaysorn Shopping Mall 4.8 km; MBK Shopping Mall 5.9 km; Temple of the Golden Mount 7.6 km; Grand Palace 9.2 km; Wat Arun 9.8 km; Mega Bangna 18.3 km; ,Swimming pool; Outdoor pool; Non-smoking rooms; Fitness center; Spa; Free parking; Bar; Good Breakfast,"Friday, February 22, 2019","Saturday, February 23, 2019"
0,52,Adelphi Suites Bangkok,"6 Sukhumvit Soi 8, Khlong Toei, 10110 Bangkok, Thailand",4-star hotel,9.0,"Wattana Church 0.2 km; BTS-Nana 0.2 km; Embassy of Sweden 0.2 km; Korean Town 0.2 km; Soi Nana 0.4 km; Sukhumvit Soi 11 0.4 km; Arab Street 0.5 km; Terminal 21 0.5 km; BTS-Asok 0.5 km; Health Land Asoke 0.6 km; Monsoon Restaurant 0 km; India Today 0.1 km; Villa Market 0.2 km; 7- Eleven 0.2 km; Rosabieng Thai Restaurant 0.3 km; Robinson Department Store 0.5 km; Don Muang Airport 20.8 km; Suvarnabhumi Airport 21.7 km; Terminal 21 Popular brands like: H&M, Nike; Central Embassy 1.2 km; Amarin Plaza 1.7 km; Lumpini Park 1.7 km; Gaysorn Shopping Mall 1.8 km; SEA LIFE Bangkok Ocean World 2.4 km; MBK Shopping Mall 2.9 km; Temple of the Golden Mount 5.6 km; Grand Palace 7 km; Wat Arun 7.3 km; Mega Bangna 16.8 km; ",Swimming pool; Outdoor pool; Non-smoking rooms; good Fitness Center; Free parking; Bar; Very Good Breakfast,"Friday, February 22, 2019","Saturday, February 23, 2019"
0,53,Three Sukhumvit Hotel,"45 Soi Nana Nua, Sukhumvit3 Road, Klongtoey Nua, Wattana, Wattana, 10110 Bangkok, Thailand",3-star hotel,7.4,Bumrungrad International Hospital 0.1 km; Krungthai Bank Head Office 0.4 km; Arab Street 0.4 km; Sukhumvit Soi 11 0.5 km; BTS - Phloen Chit 0.6 km; Soi Nana 0.6 km; Embassy of Sweden 0.6 km; BTS-Nana 0.6 km; Wattana Church 0.7 km; Deutsche Bank Bangkok 0.7 km; Foodland 1 km; Terminal 21  1.3 km; Central Chidlom 1.3 km; Klongtoey Market  2 km; Siam Paragon 2.2 km; Central World 2.2 km; Bumrungrad Hospital 0.5 km; Don Muang Airport 20.1 km; Suvarnabhumi Airport 22.1 km; Central Embassy 0.8 km; Amarin Plaza 1.4 km; Gaysorn Shopping Mall 1.4 km; SEA LIFE Bangkok Ocean World 2 km; Lumpini Park 2.1 km; MBK Shopping Mall 2.6 km; Temple of the Golden Mount 5.1 km; Grand Palace 6.7 km; Wat Arun 7 km; Mega Bangna 17.5 km; ,Non-smoking rooms; Free parking; Family rooms; WiFi in all areas; Room service; Breakfast,"
Friday, February 22, 2019
","
Saturday, February 23, 2019
"
0,54,Ratchadamnoen Residence,"211/16 Soi Damnoen Klang Nuea Ratchadamnoen Klang Road Boworn Nivet, Phranakorn, 10200 Bangkok, Thailand",3-star hotel,8.7,Democracy Monument 0.1 km; Rattanakosin Exhibition Hall 0.2 km; Wat Ratchanadda 0.3 km; Bangkok City Hall 0.3 km; Bangkok City Library 0.4 km; Wat Thepthidaram Woraviharn 0.4 km; Wat Bowonniwet Vihara 0.4 km; Khao San Road Night Market 0.6 km; Temple of the Golden Mount 0.6 km; Khao San Road 0.6 km; 7-11 0.2 km; KRUA AP SORN (THAI FOOD) 0.3 km; Life & Kuisine 0.4 km; Khao-San Road (Night Market) 0.5 km; Thip Samai PadThai  0.7 km; Raan Jay Fai (1* Michelin) (THAI FOOD) 0.8 km; White Bridge Fruit Market 2 km; Thewet Market (Fresh food)  2 km; Eagle Nest Bar (Opposite the Arun Temple) 2.4 km; Chao Pra Ya River 1.5 km; Don Muang Airport 21.2 km; Suvarnabhumi Airport 27.8 km; Bangkok National Museum 1.1 km; Temple of the Emerald Buddha 1.1 km; Grand Palace 1.4 km; Dusit Palace 2.1 km; Wat Arun 2.1 km; Bangkok Art & Culture Centre 3.2 km; MBK Shopping Mall 3.3 km; Siam Discovery 3.3 km; SEA LIFE Bangkok Ocean World 3.8 km; Central Embassy 5 km; ,Non-smoking rooms; Free WiFi; Family rooms; Air conditioning; Laundry; Tea/Coffee Maker in All Rooms; Good Breakfast,"
Friday, February 22, 2019
","
Saturday, February 23, 2019
"
0,55,Le Meridien Bangkok,"40/5 Surawong Road, Silom, Bang Rak, 10500 Bangkok, Thailand",5-star hotel,9.0,Patpong 0.2 km; Bangkok Christian Hospital 0.2 km; Silom Nightlife Area 0.3 km; MRT-Sam Yan 0.3 km; Wat Hua Lamphong 0.3 km; Chamchuri Square 0.3 km; Snake Farm-Queen Saovabha Memorial Institute 0.3 km; Embassy of the Russian Federation 0.4 km; Bangkok Bank Head Office 0.4 km; BTS-Sala Daeng 0.4 km; Family Mart Convenience store 0 km; 7-11 Convenience store 0 km; Pat Pong Night Market 0.1 km; Starbucks Coffee 0.1 km; Ruen Urai Thai Restaurant 0.1 km; Mango Tree Thai Restaurant 0.2 km; Food Land Supermarket 0.2 km; D.J.Station 0.4 km; Somboon Potchana Seafood Restaurant 0.5 km; Molly Malone's Irish Pub 0.8 km; Chao Phraya River 2 km; Don Muang Airport 22.6 km; Suvarnabhumi Airport 24.1 km; Silom Complex Department Store; Lumpini Park 1.2 km; MBK Shopping Mall 1.5 km; SEA LIFE Bangkok Ocean World 1.8 km; Bangkok Art & Culture Centre 1.9 km; Amarin Plaza 1.9 km; Central Embassy 2.3 km; Temple of the Golden Mount 3.7 km; Grand Palace 4.8 km; Wat Arun 4.8 km; Mega Bangna 18.5 km; ,Swimming pool; Airport shuttle; Outdoor pool; Non-smoking rooms; very good Fitness Center; Spa; Bar,"Friday, February 22, 2019","Saturday, February 23, 2019"
0,56,The Travellers Hotel,"255/19 Ratchadapisek Road, Din Daeng, 10320 Bangkok, Thailand",3-star hotel,8.3,MRT-Ratchadapisek 0.2 km; MRT-Sutthisan 0.8 km; Lat Phrao MRT Station 1.1 km; Jaisamarn Church 1.6 km; Thai Airways Head Office 1.6 km; Bangkok Airways Head Office 1.9 km; MRT-Huai Khwang 2.1 km; Phahon Yothin MRT Station 2.3 km; BTS-Mo Chit 2.3 km; Chatuchak Park MRT Station 2.4 km; 7-Eleven 0.2 km; ละเลียด เค้ก คาเฟ่  (Laliette Cake Cafe) 0.5 km; HuayKwang night market 2.1 km; Muang Thai Phatra Maerket 2.6 km; Train Night Market Ratchada 4.3 km;  Esplanade Cineplex Ratchadaphisek 5.4 km; Central Rama9 6 km; Don Muang Airport 14 km; Suvarnabhumi Airport 22.3 km; Chatuchak Weekend Market 2.6 km; Central Plaza Ladprao 2.8 km; Central Festival EastVille 4.5 km; Siam Discovery 5.7 km; Arab Street 6.5 km; Central Embassy 6.6 km; MBK Shopping Mall 7.7 km; Temple of the Golden Mount 8.7 km; Grand Palace 10.3 km; Wat Arun 11 km; ,"Airport shuttle; Non-smoking rooms; Fitness center; (closed Jan 23 to Dec 31, 2019); Free parking; WiFi in all areas; Good Breakfast","Friday, February 22, 2019","Saturday, February 23, 2019"
0,57,Best Western Premier Sukhumvit,"78 Sukhumvit Soi 1, Klongtoey Nua, Bangkok, Wattana, 10110 Bangkok, Thailand",4-star hotel,8.2,"Bumrungrad International Hospital 0.1 km; Krungthai Bank Head Office 0.4 km; BTS - Phloen Chit 0.5 km; Arab Street 0.5 km; Embassy of the United Kingdom, Bangkok 0.6 km; Central Embassy 0.6 km; Deutsche Bank Bangkok 0.7 km; Soi Nana 0.7 km; Sukhumvit Soi 11 0.7 km; Embassy of Sweden 0.8 km; 7-11 0 km; Hyde and Seek gastro bar 0.8 km; Central Embrassy 1 km; Siam Paragon 2 km; Terminal 21 2.5 km; Soi Cowboy 2.5 km; Don Muang Airport 20.1 km; Suvarnabhumi Airport 22.3 km; Amarin Plaza 1.2 km; Gaysorn Shopping Mall 1.2 km; SEA LIFE Bangkok Ocean World 1.8 km; Lumpini Park 2 km; Bangkok Art & Culture Centre 2.3 km; MBK Shopping Mall 2.4 km; Temple of the Golden Mount 4.9 km; Grand Palace 6.5 km; Wat Arun 6.8 km; Mega Bangna 17.7 km; ",Swimming pool; Outdoor pool; Non-smoking rooms; Fitness center; Free parking; Bar; Breakfast,"Friday, February 22, 2019","Saturday, February 23, 2019"
0,58,Novotel Bangkok Sukhumvit 4,"27 Sukhumvit 4 Klongtoey, Khlong Toei, 10110 Bangkok, Thailand",4-star hotel,8.7,Soi Nana 0.1 km; Wattana Church 0.2 km; Embassy of Sweden 0.2 km; BTS-Nana 0.3 km; Arab Street 0.3 km; Krungthai Bank Head Office 0.4 km; Sukhumvit Soi 11 0.5 km; Deutsche Bank Bangkok 0.5 km; Korean Town 0.5 km; Embassy of the United Arab Emirates 0.6 km; Arabitia Café  0 km; 7-11 0 km; Swan Restaurant & Bar  0 km; Canadian Pizza  0 km; Red Zone  0.1 km; Seafood and Street food  0.1 km; Don Muang Airport 20.8 km; Suvarnabhumi Airport 22 km; Central Embassy 0.9 km; Amarin Plaza 1.4 km; Gaysorn Shopping Mall 1.5 km; Lumpini Park 1.5 km; SEA LIFE Bangkok Ocean World 2.1 km; MBK Shopping Mall 2.6 km; Temple of the Golden Mount 5.3 km; Grand Palace 6.7 km; Wat Arun 7 km; Mega Bangna 17.1 km; ,Swimming pool; Outdoor pool; Non-smoking rooms; Fitness center; Free parking; Bar; Breakfast,"Friday, February 22, 2019","Saturday, February 23, 2019"
0,59,ibis Bangkok Siam,"Rama 1 Road, Wangmai, Pathumwan, Phaya Thai, 10330 Bangkok, Thailand",3-star hotel,8.1,"BTS-National Stadium 0 km; Bangkok Art & Culture Centre 0.2 km; Madame Tussauds Bangkok 0.3 km; The Jim Thompson House 0.3 km; MBK Shopping Mall 0.4 km; Suphachalasai Stadium 0.4 km; Siam Center 0.4 km; British Council Thailand 0.6 km; BTS-Siam 0.6 km; BTS-Ratchathewi 0.6 km; MBK MAHBOONKRONG 0.1 km; SIAM PARAGON 0.7 km; PRATU NUM MARKET 1.7 km; PLATINUM MALL 1.9 km; Don Muang Airport 20.9 km; Suvarnabhumi Airport 24.7 km; Siam Center Luxury; Siam Discovery Popular brands like: Apple, Nike; MBK Shopping Mall Popular brands like: Apple, Nike; SEA LIFE Bangkok Ocean World 0.7 km; Gaysorn Shopping Mall 1.3 km; Amarin Plaza 1.4 km; Central Embassy 1.9 km; Lumpini Park 2.2 km; Siam Discovery 2.4 km; Temple of the Golden Mount 2.5 km; Arab Street 2.7 km; Grand Palace 4 km; Wat Arun 4.4 km; ",Non-smoking rooms; Free parking; Pet friendly; Facilities for disabled guests; Free WiFi; Tea/Coffee Maker in All Rooms; Bar; Good Breakfast,"
Friday, February 22, 2019
","
Saturday, February 23, 2019
"
0,60,Siam Kempinski Hotel Bangkok,"991/9 Rama I Road, Pathumwan, Pathumwan, 10330 Bangkok, Thailand",5-star hotel,9.1,"KidZania Bangkok 0.2 km; Siam Paragon Mall 0.2 km; SEA LIFE Bangkok Ocean World 0.3 km; BTS-Siam 0.3 km; Siam Center 0.3 km; Pantip Plaza 0.4 km; Madame Tussauds Bangkok 0.4 km; Platinum Fashion Mall 0.4 km; Bangkok Art & Culture Centre 0.5 km; BTS-Ratchathewi 0.5 km; The Gourmet Supermarket 0.5 km; Patunam Market 1 km; Don Muang Airport 20.5 km; Suvarnabhumi Airport 24.1 km; Siam Paragon Mall Popular brands like: Rolex, Apple, Cartier, Gucci, Hermès, H&M, Zara, Prada, Nike, Ralph Lauren, Chanel, Burberry, Louis Vuitton; Siam Discovery Popular brands like: Apple, Nike; Siam Center Luxury; Gaysorn Shopping Mall 0.7 km; MBK Shopping Mall 0.8 km; Amarin Plaza 0.9 km; Central Embassy 1.3 km; Lumpini Park 2.1 km; Arab Street 2.1 km; Siam Discovery 2.3 km; Temple of the Golden Mount 3.1 km; Grand Palace 4.7 km; Wat Arun 5 km; ",Swimming pool; Airport shuttle; Outdoor pool; Non-smoking rooms; very good Fitness Center; Spa; Bar; Very Good Breakfast,"Friday, February 22, 2019","Saturday, February 23, 2019"
0,61,Hotel Muse Bangkok Langsuan - MGallery Collection,"55/555 Langsuan Road, Lumpini, Pathumwan, Pathumwan, 10330 Bangkok, Thailand",5-star hotel,9.0,"CIMB Thai Bank Head Office 0.1 km; Embassy of the Kingdom of the Netherlands, Bangkok 0.2 km; Embassy of the United States of America, Bangkok 0.4 km; BTS-Chit Lom 0.4 km; BTS-Rachadamri 0.5 km; Amarin Plaza 0.5 km; Central Chidlom 0.5 km; Embassy of the United Arab Emirates 0.5 km; Central Embassy 0.5 km; Erawan Shrine 0.6 km; Mercury Ville 0.5 km; All 6 to 12 0.2 km; Gaggan 0.5 km; Wine Bridge Langsuan 0.6 km;  Khrua Nai Baan 0.6 km; Home Kitchen 0.8 km; Central Food Hall 1 km; Lumpini Park 0.6 km; Benjakitti Park 1.5 km; Don Muang Airport 21 km; Suvarnabhumi Airport 23 km; Gaysorn Shopping Mall 0.6 km; Lumpini Park 1 km; SEA LIFE Bangkok Ocean World 1.1 km; Arab Street 1.1 km; MBK Shopping Mall 1.6 km; Bangkok Art & Culture Centre 1.6 km; Temple of the Golden Mount 4.3 km; Grand Palace 5.7 km; Wat Arun 6 km; Mega Bangna 18 km; ",Swimming pool; Outdoor pool; Non-smoking rooms; good Fitness Center; Free parking; Family rooms; Tea/Coffee Maker in All Rooms; Bar; Very Good Breakfast,"
Friday, February 22, 2019
","
Saturday, February 23, 2019
"
0,62,Holiday Inn Bangkok Silom,"981 Silom Road, Bang Rak, 10500 Bangkok, Thailand",4-star hotel,8.6,"Lerdsin Hospital 0.2 km; Sri Mariamman Temple (Wat Khaek) 0.4 km; Sky Bar at Lebua 0.4 km; BTS-Surasak 0.5 km; The Neilson Hays Library 0.6 km; Embassy of France, Bangkok 0.6 km; Bangkokian Museum 0.6 km; Oriental Pier 0.7 km; Health Land Sathorn 0.7 km; BTS-Saphan Taksin 0.8 km; TOP Supermarket 0.2 km; Don Muang Airport 23.7 km; Suvarnabhumi Airport 25.2 km; MBK Shopping Mall 2.5 km; Lumpini Park 2.5 km; Bangkok Art & Culture Centre 2.9 km; SEA LIFE Bangkok Ocean World 3 km; Amarin Plaza 3.3 km; Gaysorn Shopping Mall 3.3 km; Central Embassy 3.7 km; Temple of the Golden Mount 3.7 km; Wat Arun 4.1 km; Grand Palace 4.3 km; ",Swimming pool; Outdoor pool; Non-smoking rooms; very good Fitness Center; Free parking; Family rooms; Bar,"
Friday, February 22, 2019
","
Saturday, February 23, 2019
"
0,63,Crowne Plaza Bangkok Lumpini Park,"952 Rama 4, Bang Rak, 10500 Bangkok, Thailand",5-star hotel,8.8,Silom Soi 2 0.1 km; Silom Soi 4 0.1 km; MRT-Silom 0.2 km; Silom Complex 0.2 km; BTS-Sala Daeng 0.2 km; King Chulalongkorn Memorial Hospital 0.3 km; Silom Nightlife Area 0.3 km; Snake Farm-Queen Saovabha Memorial Institute 0.4 km; Patpong 0.4 km; Bangkok Christian Hospital 0.5 km; 7-11 Convenient Store 0 km; Don Muang Airport 22.4 km; Suvarnabhumi Airport 23.6 km; Silom Complex Department Store; Lumpini Park 0.7 km; MBK Shopping Mall 1.7 km; Amarin Plaza 1.7 km; SEA LIFE Bangkok Ocean World 1.8 km; Gaysorn Shopping Mall 1.8 km; Central Embassy 2 km; Temple of the Golden Mount 4.1 km; Grand Palace 5.2 km; Wat Arun 5.3 km; Mega Bangna 18.1 km; ,Swimming pool; Airport shuttle; Outdoor pool; Non-smoking rooms; good Fitness Center; Spa; Bar; Very Good Breakfast,"Friday, February 22, 2019","Saturday, February 23, 2019"
0,64,The Grand Fourwings Convention Hotel Bangkok,"333 Srinakarin Road, Huamark, Bangkapi, Bangkok, Bangkapi, 10240 Bangkok, Thailand",5-star hotel,8.7,Samitivej Srinakarin Hospital 1.1 km; Hua Mark Airport Rail Link Station 1.8 km; Assumption University - Hua Mak Campus 2 km; The Nine Neighborhood Center 2.6 km; Stamford International University 2.6 km; Rajamangala National Stadium 2.7 km; Ramkhamhaeng University 3.3 km; The Mall Shopping Center Bangkapi 3.9 km; Ramkhamhaeng Station 5.1 km; Ban Thap Chang Station 5.4 km; Max Valu 2 km; Suvarnabhumi Airport 13.2 km; Don Muang Airport 19.1 km; Central Festival EastVille 6.4 km; Arab Street 10.1 km; Central Embassy 10.8 km; Amarin Plaza 11.4 km; Gaysorn Shopping Mall 11.4 km; Mega Bangna 12.3 km; MBK Shopping Mall 12.6 km; Temple of the Golden Mount 15 km; Grand Palace 16.7 km; Wat Arun 17.1 km; ,Swimming pool; Airport shuttle (free); Outdoor pool; Non-smoking rooms; good Fitness Center; Free parking; Tea/Coffee Maker in All Rooms; Bar; Very Good Breakfast,"
Friday, February 22, 2019
","
Saturday, February 23, 2019
"
0,65,Thanabhumi,"365/15-16 Phra Sumen Road, Bowon Niwet, Phra Nakhon, 10200 Bangkok, Thailand",2 stars,9.5,Wat Bowonniwet Vihara 0.2 km; Bangkok City Library 0.4 km; Democracy Monument 0.4 km; Khao San Road Night Market 0.5 km; Khao San Road 0.5 km; Rattanakosin Exhibition Hall 0.6 km; Wat Chana Song Khram 0.7 km; Wat Ratchanadda 0.7 km; Bangkok City Hall 0.7 km; UNESCAP and United Nations 0.8 km; Thip Sa Mai 0.8 km; Mit Ko Yuan 0.8 km; Krua Ap Sorn 0.8 km; Don Muang Airport 20.9 km; Suvarnabhumi Airport 28 km; Temple of the Golden Mount 0.9 km; Bangkok National Museum 1 km; Temple of the Emerald Buddha 1.3 km; Grand Palace 1.6 km; Dusit Palace 1.9 km; Wat Arun 2.4 km; Siam Discovery 3.3 km; Bangkok Art & Culture Centre 3.5 km; MBK Shopping Mall 3.6 km; Central Embassy 5.2 km; ,Free WiFi; Terrace; Air conditioning; Baggage storage,"Friday, February 22, 2019","Saturday, February 23, 2019"
0,66,Nanda Heritage Hotel,"632 Wisut Kasat Road Pranakorn, 10200 Bangkok, Thailand",4-star hotel,8.7,UNESCAP and United Nations 0.4 km; Wat Bowonniwet Vihara 0.5 km; Rattanakosin Exhibition Hall 0.6 km; Democracy Monument 0.6 km; Wat Ratchanadda 0.7 km; Bangkok City Library 0.8 km; Government House of Thailand 0.8 km; Khao San Road Night Market 0.9 km; Wat Thepthidaram Woraviharn 0.9 km; Temple of the Golden Mount 0.9 km; Khaosan Road Market 1.5 km; Chao Praya River 1 km; Don Muang Airport 20.6 km; Suvarnabhumi Airport 27.6 km; Khao San Road 0.9 km; Bangkok National Museum 1.4 km; Dusit Palace 1.5 km; Temple of the Emerald Buddha 1.6 km; Grand Palace 1.9 km; Wat Arun 2.7 km; Siam Discovery 2.9 km; Bangkok Art & Culture Centre 3.2 km; MBK Shopping Mall 3.3 km; Central Embassy 4.9 km; ,Swimming pool; Outdoor pool; Non-smoking rooms; Free parking; Family rooms; Bar; Good Breakfast,"
Friday, February 22, 2019
","
Saturday, February 23, 2019
"
0,67,"THEA, Serviced Apartment Ekamai","37 Soi Ekamai 10 (or 12), Sukhumvit 63, Klongton Nue, Wattana, Bangkok, 10110, Wattana, 10110 Bangkok, Thailand",,9.0,Health Land Ekkamai 0.4 km; Thonglor Nightlife Area 1 km; SeenSpace 1.1 km; The Commons 1.1 km; Sukhumvit Hospital 1.2 km; BTS-Ekkamai 1.2 km; Gateway Ekamai 1.2 km; Ekkamai Eastern Bus Terminal 1.3 km; 9:53 Art Mall 1.3 km; Camillian Hospital 1.3 km; Pesca Mar & Terra Bistro 0.1 km; Vanilla Garden  0.1 km; Nikko Cafe 0.3 km; Coffee Bean by Dao 0.3 km; Big C 0.7 km; Gateway Ekamai 1.3 km; The EmQuartier 3.5 km; Suvarnabhumi Airport 17.8 km; Don Muang Airport 21.3 km; Arab Street 4.3 km; Central Embassy 5.1 km; Lumpini Park 5.2 km; Amarin Plaza 5.6 km; Gaysorn Shopping Mall 5.7 km; MBK Shopping Mall 6.8 km; Temple of the Golden Mount 9.5 km; Grand Palace 10.9 km; Wat Arun 11.1 km; Mega Bangna 13.2 km; ,Swimming pool; Airport shuttle; Outdoor pool; Non-smoking rooms; Free parking; Family rooms,"
Friday, February 22, 2019
","
Saturday, February 23, 2019
"
0,68,twothree a homely hotel,"100 Sukhumvit 23 (Prasarnmit), Sukhumvit Rd., Klongtoey Nua, Wattana, Wattana, 10110 Bangkok, Thailand",3-star hotel,8.9,"Soi Cowboy 0.3 km; MRT-Sukhumvit 0.3 km; The Escape Hunt Experience Bangkok 0.3 km; Kamthieng House Museum 0.3 km; Citibank Bangkok 0.3 km; Terminal 21 0.4 km; BTS-Asok 0.4 km; Health Land Asoke 0.4 km; Korean Town 0.7 km; Srinakharinwirot University 0.8 km; Soi Cowboy 0.1 km; Terminal 21 0.5 km; Central Embassy 1 km; korean town 1 km; Don Muang Airport 20.7 km; Suvarnabhumi Airport 20.8 km; Terminal 21 Popular brands like: H&M, Nike; Arab Street 1.2 km; Central Embassy 2 km; Lumpini Park 2.5 km; Amarin Plaza 2.5 km; Gaysorn Shopping Mall 2.6 km; MBK Shopping Mall 3.8 km; Temple of the Golden Mount 6.4 km; Grand Palace 7.9 km; Wat Arun 8.2 km; Mega Bangna 16.1 km; ",Swimming pool; Outdoor pool; Non-smoking rooms; Free parking; Family rooms; Breakfast,"
Friday, February 22, 2019
","
Saturday, February 23, 2019
"
